ID,NAME,BIRTH,CELLPHONE,EMAIL,CODE,ALIAS,PASSWORD,AGE
1,Laura,2000-11-25,6667131697,laura.alboni@yahoo.it,DifyHwO6,RedOtter,vEPBnVs6r6,24
2,Alberto,2001-02-04,5603405471,alberto.roncalli@gmail.com,liVqGrBd,FirePanther,3Qjow3aOKc,24
3,Francesca,2002-06-20,1543563160,francesca.cicala@yahoo.it,KR9cTaLN,CrystalRabbit,3lZAFJnIE4,23
4,Claudia,2001-09-06,1192627701,claudia.lombardo@yahoo.it,WIaZatzX,FireCoyote,aUiWqR8yZr,23
5,Giada,1999-12-24,7414507748,giada.duodo@hotmail.com,23v8HAu5,StormRabbit,syztKhJPKt,25
6,Francesca,2003-02-11,7986720374,francesca.bergoglio@libero.it,CaoZuMtC,SilverTiger,AAJEGmf1RL,22
7,Carlo,2005-09-08,3018714442,carlo.morellato@hotmail.com,9GNKCQdo,FirePanther,AvgwZaSlYV,19
8,Matteo,2004-03-25,6412118134,matteo.magnani@yahoo.it,yx6RyXJZ,NightRabbit,mHbXmSicdY,21
9,Gabriele,1995-01-08,0322033232,gabriele.roero@yahoo.it,2n7W90ZL,GoldenCoyote,GVfZ7yHerN,30
10,Franco,2000-01-18,3983900940,franco.salgari@libero.it,NmAe2KKl,FirePanther,RWaFYD1dVJ,25
11,Martina,1998-03-15,8836899091,martina.vergassola@gmail.com,PeunKudd,NightFalcon,jSl81CSX78,27
12,Carlo,2003-03-12,2979305177,carlo.borromini@outlook.com,qZw5R11P,IcePanther,BSweeIR76H,22
13,Francesca,2001-06-23,1379203243,francesca.gabbana@yahoo.it,ghhVJJbn,BlackFalcon,waKLOVDzTL,24
14,Sara,2006-08-28,7810225454,sara.bonanno@yahoo.it,mXKPCOx4,CrystalMoose,paiMXu1FyJ,18
15,Matilde,2001-03-26,2424939345,matilde.argurio@yahoo.it,8mNVI9nP,SunLynx,EumXRHgAdN,24
16,Claudia,2005-10-03,7684239560,claudia.rossi@libero.it,z2dFX1wK,CrystalRabbit,FRKLCE1Nf6,19
17,Filippo,1995-04-11,3620743531,filippo.trapani@libero.it,Dsywtv1P,IceBear,ITGTHiXoub,30
18,Roberto,1995-03-23,5034834940,roberto.guarato@hotmail.com,3aB6rEed,ShadowOtter,yACTSLpLeC,30
19,Andrea,2006-03-27,6440412427,andrea.chiaramonte@libero.it,QQtTO4PG,CrystalMoose,FoDJAQlKLq,19
20,Roberto,1994-10-06,7575824644,roberto.pincherle@gmail.com,tMOVthvg,NightMoose,yI4FyvR2y2,30
21,Martina,1994-10-31,4328222586,martina.zamengo@outlook.com,j1rUGYK1,DuskLynx,Asd1cZ1TiV,30
22,Enrico,1996-04-08,7124275308,enrico.lucciano@icloud.com,K96KILSD,WhiteEagle,LhUjBBdJRi,29
23,Giulia,1998-03-03,4433089704,giulia.brancaccio@outlook.com,YcJxKH6I,BlueRabbit,WnRxHcYMQQ,27
24,Martina,1995-07-20,0240345029,martina.calgari@yahoo.it,0hQ2gycf,NightMoose,5VxveMkEBO,29
25,Carlo,2003-06-27,2211633489,carlo.majorana@icloud.com,128ADGob,DuskLynx,Rq4QWf51S0,22
26,Francesca,2001-10-22,1537734622,francesca.giannetti@hotmail.com,Pq52IcNs,RedRabbit,DZ8z2OgN4J,23
27,Luca,1995-09-25,6984121081,luca.don√†@yahoo.it,Hk3H1g2u,SunPanther,O2ZN8zzoJP,29
28,Gabriele,1999-02-28,8546571987,gabriele.ferraris@hotmail.com,3STnSNxI,SilverTiger,tQn4TKolaQ,26
29,Francesca,1998-11-04,6455679717,francesca.conti@hotmail.com,JDHkhPeo,CrystalBear,n7AKq4inlz,26
30,Enrico,2002-06-18,5586924321,enrico.santoro@gmail.com,4HM8OWpE,CrystalBear,EvuWYBeMEu,23
31,Luca,2002-05-05,7323250365,luca.coardi@gmail.com,XlJ51Wjo,CrystalMoose,wWGc63xX4X,23
32,Valentina,2005-10-07,0819786451,valentina.giannotti@gmail.com,jdLzDmCc,ShadowBear,UuvFdZ97g7,19
33,Marco,2004-05-14,2024593947,marco.tolentino@outlook.com,z0C1GDCL,NightFalcon,jZaf6zmOU8,21
34,Simona,1999-10-21,6384966250,simona.longhena@outlook.com,BsWmQGt8,SunCoyote,TmZTWYHFl1,25
35,Silvia,1997-09-16,7028599996,silvia.grifeo@outlook.com,ROfbPUPS,GreenMoose,tmT7MK8c2u,27
36,Alberto,2007-01-09,1995407500,alberto.petrucelli@hotmail.com,DBxKbBSK,ShadowOtter,d4mfbQHtgQ,18
37,Franco,2005-12-26,7139138853,franco.fracci@outlook.com,vQCjyPgF,ShadowOtter,mgerhmyBzj,19
38,Luigi,1997-05-26,9346966614,luigi.traversa@gmail.com,5r2NNLnY,BlueWolf,bne9AwfV92,28
39,Sara,2004-09-22,4925258904,sara.pistoletto@hotmail.com,Mo8ONmbE,BlueBear,3OPcgQxCGf,20
40,Giulia,1999-05-15,9273587607,giulia.ariosto@hotmail.com,zlWftkeA,WhitePanther,xIoZV5ZW00,26
41,Matilde,2005-04-30,9411574305,matilde.schiavo@libero.it,t9PL13tY,SunLynx,qHdOOEL747,20
42,Enrico,2003-12-28,5751963623,enrico.barbarigo@hotmail.com,WDu3F1Uh,IceBear,yefaM6Fcx2,21
43,Filippo,2007-06-06,6016933253,filippo.antonini@yahoo.it,tlp8a9tA,CrystalBear,2E7oboXdZu,18
44,Simona,2006-03-10,0113515385,simona.bianchi@libero.it,2XSo73YW,BlackBear,dCC0IKiFme,19
45,Claudia,1998-08-13,1388571875,claudia.panzera@gmail.com,10So6yK6,BlackFalcon,VM8EXunt5J,26
46,Stefano,1995-05-25,5071713540,stefano.scarpetta@outlook.com,S4GZZcGB,ShadowOtter,ygBi3gN0xa,30
47,Paolo,1996-02-02,8242708348,paolo.ponti@yahoo.it,UWThUo2E,NightRabbit,L6ZW1dA4I5,29
48,Monica,2003-05-13,3974257516,monica.brancaccio@icloud.com,PkIsUZ6C,FireCoyote,G7gG8vt3mr,22
49,Laura,2004-03-11,0311149648,laura.barcaccia@yahoo.it,ah2n0FdH,GoldenCoyote,GJ5L4cr09u,21
50,Alberto,2001-04-08,7717774960,alberto.chittolini@hotmail.com,wgMu212x,ShadowOtter,PQmpbiL3vX,24
51,Luca,2004-11-26,8706575245,luca.brichese@icloud.com,KqIEhSfH,RedOtter,fSTV9PLo2r,20
52,Paolo,2000-09-01,7596419068,paolo.malpighi@icloud.com,UIdHNUlA,FirePenguin,UFaSPiV8hk,24
53,Daniele,2005-12-10,6339277951,daniele.persico@icloud.com,yoSEvqnK,WhitePanther,LGvLFsG0m1,19
54,Matteo,2002-01-03,9711734583,matteo.raimondi@gmail.com,UHDwc6fu,SunPanther,UjKFHaaPO6,23
55,Luca,2007-05-26,9313652052,luca.baracca@yahoo.it,6Hjcu2u3,NightRabbit,v4Wp2OsR3J,18
56,Stefano,1994-07-24,5365674110,stefano.stoppani@gmail.com,1N6G3jD8,NightMoose,DwR2BVGrhv,30
57,Paolo,1999-04-26,7484676146,paolo.sismondi@libero.it,cZQzHFgz,FirePanther,pb0Qo5vn0B,26
58,Giulia,2005-03-01,8040595489,giulia.morabito@gmail.com,8ORU55w5,RedRabbit,3q0nEXMcNZ,20
59,Monica,2002-10-15,2257371178,monica.ariosto@libero.it,W8CS7Bsx,BlueWolf,ZvCIN5vyVh,22
60,Martina,2005-01-30,9732336431,martina.fornaciari@yahoo.it,MTI2voMb,CrystalBear,I6lwJSsPve,20
61,Alessandro,2000-03-06,1279451556,alessandro.gaiatto@gmail.com,yXLBq3ie,SilverTiger,Sxj38GKopW,25
62,Martina,2000-08-02,0113269600,martina.alfieri@yahoo.it,y3Gu10Ci,IceBear,krdiMeMIc9,24
63,Alessia,1996-01-10,0839438318,alessia.armellini@outlook.com,gJrzoRgr,FirePanther,AwmuIVOPEH,29
64,Veronica,2001-12-04,5686079570,veronica.medici@gmail.com,h5P2wUy7,GoldenLynx,EEd34Gt1LQ,23
65,Luca,2006-06-13,4997926753,luca.vittadello@hotmail.com,yrd4DC6v,CrystalMoose,RJ8UKOQd0L,19
66,Gabriele,1999-04-22,9881036771,gabriele.carocci@gmail.com,UwLmUyaA,FirePenguin,zF1u8jJdcw,26
67,Giulia,2000-07-27,7132602510,giulia.travaglia@yahoo.it,9i8A3avV,StormRabbit,kMb9m6FizZ,24
68,Stefano,2006-02-28,0171629103,stefano.soffici@outlook.com,oFIAJIzO,GreenMoose,xuckC12qB9,19
69,Marco,1997-10-13,5780358531,marco.romiti@libero.it,0jUGyTi0,CrystalBear,fwzrbPkZd7,27
70,Marco,1997-09-19,4273883155,marco.duodo@outlook.com,yYTWODn9,NightMoose,uQPKSwMSMG,27
71,Alessia,2000-10-13,4339727699,alessia.sagredo@icloud.com,hfJcf9S2,GoldenCoyote,ezKo7SZ5G5,24
72,Laura,2001-12-12,7121213380,laura.riccati@libero.it,ybAOuzfW,CrystalBear,QO0pl4Y0A5,23
73,Matteo,2002-03-26,0818884528,matteo.bernetti@libero.it,0G4XM3pl,SilverTiger,m4M4rZsf4G,23
74,Valentina,2003-07-21,7704365452,valentina.naccari@gmail.com,Jw5yOkSw,SunPanther,c1uCfs4pbd,21
75,Veronica,1996-12-09,1468757581,veronica.satta@yahoo.it,ScYihsBq,SunPanther,BAOZ2iUdjM,28
76,Enrico,1997-09-04,0061069347,enrico.giunti@outlook.com,9uEfk8qm,StormMoose,QBgToUUWyF,27
77,Enrico,2000-04-04,2901213355,enrico.soranzo@icloud.com,YYozLGR5,CrystalRabbit,qAMi812TPv,25
78,Massimo,2003-10-05,7559795555,massimo.ginesio@outlook.com,FnEdLJnH,NightFalcon,Lx2UdbaqG5,21
79,Franco,2007-06-02,4935331156,franco.boccaccio@outlook.com,hQYbsavN,NightFalcon,oPPasZZgzc,18
80,Veronica,2006-03-30,6307788893,veronica.santoro@hotmail.com,xJye95oK,NightFalcon,VoD12tDiUt,19
81,Matilde,2005-06-12,7249192698,matilde.malipiero@outlook.com,RPIK2iq7,GreenTiger,j1Iaz5u0hZ,20
82,Serena,2004-03-19,8216582541,serena.chittolini@yahoo.it,nzhsuhbl,NightFalcon,0GVTOHxHWe,21
83,Tommaso,1995-01-25,2864306095,tommaso.petralli@outlook.com,BJBbZuO1,StormRabbit,r6UljbrFit,30
84,Beatrice,2005-05-30,1426903553,beatrice.ligorio@hotmail.com,sEghHlCZ,GoldenLynx,znLZ7DpKOb,20
85,Francesca,1995-09-01,2986613380,francesca.barese@libero.it,o5gVYEvS,FirePenguin,2rjNyRPNqw,29
86,Giulia,2000-05-21,4577430939,giulia.cusano@yahoo.it,F6R4o0cU,IceFalcon,aKJgN62Bdy,25
87,Simona,1999-06-14,7886057138,simona.carpaccio@libero.it,Hg3oGiky,SunPanther,xbmfbFGy3N,26
88,Silvia,2002-02-05,9387885845,silvia.dellucci@hotmail.com,syVPef3F,SilverLynx,XbpSW8mAvx,23
89,Giovanna,1995-01-31,7078126036,giovanna.baresi@outlook.com,gIUI7sgo,IcePanther,2Xpp4wbojv,30
90,Chiara,2005-02-04,3028371825,chiara.rubbia@gmail.com,uoS3iYmL,RedRabbit,zw396IXGpq,20
91,Simona,1995-06-22,7824132408,simona.garzoni@outlook.com,JmShuYFz,ShadowBear,Yp2cOc5KBG,30
92,Giada,1998-03-27,2466548272,giada.mastroianni@yahoo.it,IgkQpK8c,WhitePanther,U5l5asanM5,27
93,Daniele,2000-07-30,3207448580,daniele.zarlino@hotmail.com,EJID0kPR,SunCoyote,hbqDEUzLiK,24
94,Simona,2006-01-25,9380842668,simona.cardano@gmail.com,DbQeYan9,GoldenLynx,58aHv0b6Sg,19
95,Alberto,2001-12-27,5722015379,alberto.ungaretti@icloud.com,1ERp8VEj,GreenTiger,O6Dx7PObUA,23
96,Monica,2005-12-18,9535694650,monica.mancini@outlook.com,4nSHvh8b,NightMoose,RvrvM5lSJg,19
97,Gianni,1999-08-31,5859064910,gianni.pellegrini@gmail.com,Lh8DXSt9,FireCoyote,kE9OPOC05j,25
98,Martina,2002-03-03,8043274756,martina.bellucci@gmail.com,tdyaenw8,RedOtter,PLDV4MLTTM,23
99,Giovanna,1997-12-29,7042673032,giovanna.pellico@icloud.com,YGlgfRtN,FirePanther,Syddb9nRIq,27
100,Andrea,1999-04-10,0248740007,andrea.briccialdi@outlook.com,nTOR1z1H,NightMoose,4DwJK5JsXZ,26
101,Matilde,2005-12-22,3305087302,matilde.grimani@hotmail.com,QbwWXONI,ShadowTiger,SAygJa949f,19
102,Veronica,1997-09-16,8450666847,veronica.bonino@yahoo.it,cY0JBMQ1,WhitePanther,TuKfpXKzb9,27
103,Roberto,1996-12-12,7401521244,roberto.valguarnera@icloud.com,p3kVDXC1,ShadowBear,OQX6RWUEAV,28
104,Matteo,1996-10-05,5066234740,matteo.meucci@libero.it,yz7cmQpX,BlueWolf,1zLfNctNO8,28
105,Valentina,2006-07-12,5202508239,valentina.caffarelli@outlook.com,tlgaSkG2,BlueRabbit,qPX0eZwFKS,18
106,Elena,1995-11-20,7931711835,elena.manzoni@yahoo.it,AUagwvoS,SilverFalcon,EfTihEDhBa,29
107,Roberto,2000-03-04,9705145427,roberto.turati@outlook.com,ZijQqzoK,ShadowBear,1iGlRvJIaZ,25
108,Stefano,2000-09-18,5099715828,stefano.ferretti@icloud.com,4Slzr4ZI,GoldenCoyote,VNYodhMFc6,24
109,Elena,1994-10-14,3326394423,elena.gadda@icloud.com,kPk3Nni2,StormMoose,Q79VNQh0jh,30
110,Simona,2001-10-26,2483482287,simona.donarelli@yahoo.it,d4Lo3JhC,GoldenCoyote,WqruH5GMSF,23
111,Alessandro,1994-12-03,5201752289,alessandro.tasca@hotmail.com,79c5nCAs,NightFalcon,0rG846ylDZ,30
112,Gabriele,1998-07-20,9610249090,gabriele.zanichelli@libero.it,gEDtYViQ,BlackFalcon,RylgYhNvpG,26
113,Enrico,2003-07-24,4637090908,enrico.polizzi@gmail.com,TFVdZgXL,NightFalcon,sBeyc0Hg3G,21
114,Claudia,1994-12-26,2916105264,claudia.peranda@libero.it,cG7W1De2,GoldenLynx,dTFX76GF6r,30
115,Angela,2002-08-22,5769747460,angela.ritacca@outlook.com,Q8hMUtzg,NightRabbit,4TYtjP04JD,22
116,Serena,2006-02-25,0707276615,serena.ceravolo@gmail.com,JWGZpTDb,StormOtter,EzrvcZuTK8,19
117,Claudia,2001-08-19,0571320454,claudia.omma@libero.it,pMgYsuE3,WhitePanther,MfAQTM6qTg,23
118,Giovanna,2007-03-30,1158125112,giovanna.foconi@yahoo.it,QBJUG3We,ShadowTiger,o6qnLPzyas,18
119,Franco,2002-04-08,7250727597,franco.leopardi@hotmail.com,glUTk8Ak,NightRabbit,tTtFJpNubZ,23
120,Luigi,2005-09-25,8603260952,luigi.ortese@libero.it,sLjncLJB,CrystalMoose,WjZjXva8cd,19
121,Alberto,1994-11-03,1718117118,alberto.navarria@gmail.com,1AQFnbU1,RedFox,nNQ72g42nn,30
122,Beatrice,2001-08-01,2074633248,beatrice.scaramucci@gmail.com,NO98avKM,CrystalMoose,PFod1WYsDb,23
123,Simona,1999-09-21,4332134874,simona.solimena@yahoo.it,OYaSVYlp,NightMoose,GnHt1NF1Tt,25
124,Angela,2006-10-31,7128054207,angela.bandello@hotmail.com,mjzTigGR,BlackFalcon,M2x9fpan1d,18
125,Beatrice,2002-07-08,1114409718,beatrice.pigafetta@gmail.com,2cFhcQDF,GreenOtter,PgMZF19fiD,23
126,Serena,1999-12-29,6972068945,serena.zaccardo@icloud.com,fCUqsROP,CrystalRabbit,TBONvBNSA0,25
127,Roberto,2004-09-21,1886738348,roberto.monicelli@libero.it,BgJ3u3Ri,StormRabbit,fi0OZ4az1a,20
128,Claudia,1998-11-30,8868404242,claudia.lombroso@gmail.com,uX2gZ6uL,GreenOtter,6XtP5vuNo9,26
129,Monica,2000-01-20,3365258001,monica.norbiato@gmail.com,r1UIkNgb,SilverFalcon,PpuLRSJcdt,25
130,Stefano,1997-09-20,7752752972,stefano.monduzzi@yahoo.it,6nf5dNSO,CrystalMoose,gLS4EPJk8N,27
131,Laura,2000-06-29,4121756268,laura.virgilio@outlook.com,aYDbVLSu,RedRabbit,d4Fhnzg8OF,25
132,Paolo,1997-11-29,1688932872,paolo.bonatti@icloud.com,yMypd3oo,GoldenCoyote,kbCZdY5GhF,27
133,Stefano,1997-04-19,9687186563,stefano.boccaccio@outlook.com,5azqgWn8,ShadowBear,t4MnamV3Bg,28
134,Elena,2003-05-20,4335886423,elena.argentero@outlook.com,DpMxgKAr,NightRabbit,Ser4Bf3zzy,22
135,Veronica,2002-11-04,1807363424,veronica.giannini@libero.it,2ITgqEr1,SunCoyote,92vhl8khLy,22
136,Alessandro,2006-03-11,2590932838,alessandro.tiepolo@gmail.com,Of544gpC,GreenMoose,1XLra7Yb1x,19
137,Elena,1995-03-13,8947571342,elena.gussoni@yahoo.it,0BYmPudT,WhitePanther,hCZAdRwThO,30
138,Angela,2004-06-09,6604149626,angela.canali@icloud.com,O6onS7s1,ShadowBear,vKWqeRYDL1,21
139,Luca,2006-09-09,2935640837,luca.ravaglioli@gmail.com,NHeD3NzG,GoldenLynx,I9msJ2g8YW,18
140,Veronica,2006-12-31,8206394340,veronica.fagotto@hotmail.com,AWcvDFit,BlueBear,I3qpBKKYG1,18
141,Giovanna,2001-07-08,2229078636,giovanna.trombetta@hotmail.com,o0Erbhsi,StormRabbit,nUr5SvQx8R,24
142,Carlo,1994-10-14,3851137196,carlo.golino@outlook.com,iUkUxpqK,IcePanther,etgnw5vw3G,30
143,Luigi,1999-08-06,0857135615,luigi.dalla@outlook.com,F6d3CdNT,IceBear,S7AlrcBo5I,25
144,Filippo,2000-02-20,2241823710,filippo.zoppetti@gmail.com,jI5OPv8m,IceFalcon,L59f9nPNSK,25
145,Paolo,1996-09-01,9733869403,paolo.stefanelli@hotmail.com,dpLi4CIw,ShadowTiger,wIqY6obU4U,28
146,Franco,2006-01-28,4076808160,franco.antonioni@icloud.com,u0SeVfYd,StormRabbit,p744sbU1yR,19
147,Serena,1996-10-08,2971079001,serena.papafava@yahoo.it,V8eFCfUZ,DuskLynx,yVuHoJQeeU,28
148,Roberto,2001-02-26,6090771477,roberto.lombroso@icloud.com,cxscK6vc,BlueRabbit,q9jQ6woUrZ,24
149,Valentina,1997-12-13,3988992484,valentina.marsili@yahoo.it,oK5bDwpN,RedRabbit,gHhwzhYQrk,27
150,Elena,2005-12-30,1191452413,elena.chiappetta@icloud.com,U1hUzd5g,GreenOtter,d7mqRFpC7l,19
151,Chiara,1999-07-30,7608484176,chiara.piovani@icloud.com,4F8xqMpV,CrystalMoose,uWt5ffHYZG,25
152,Simona,1996-08-17,2998495473,simona.camanni@icloud.com,0AgMzgrx,CrystalBear,uY9CmMHnOL,28
153,Marco,2003-04-27,3763720267,marco.bandello@icloud.com,Q598PUvL,WhiteEagle,RzH1wmEIzl,22
154,Silvia,1998-12-03,3056077305,silvia.saraceno@outlook.com,vN1EM8Iv,BlueRabbit,U8yTckCEAR,26
155,Giulia,2002-01-08,9423193219,giulia.serraglio@hotmail.com,NIafrUzN,RedOtter,gw1jxeWe3z,23
156,Monica,2002-11-04,2662340109,monica.borroni@hotmail.com,Mzq5aXcn,BlackFalcon,Js6BVBykCv,22
157,Veronica,2001-08-01,7586524374,veronica.pietrangeli@gmail.com,cc2XJF2Q,RedRabbit,RB8wtkFjQH,23
158,Roberto,2000-10-17,2229304792,roberto.serlupi@outlook.com,FJZtW6ra,FireCoyote,QMWyMfOO2y,24
159,Stefania,1996-03-08,8108284374,stefania.guicciardini@gmail.com,ngsNk7hT,WhiteEagle,4bkdWDe4Ye,29
160,Monica,1994-10-28,8785417814,monica.germano@icloud.com,skZnVVf8,IceBear,L5LFctVRiK,30
161,Alessia,1997-10-31,0580219268,alessia.oscuro@yahoo.it,XRYfzGMR,FirePanther,vRDLSr32sk,27
162,Valentina,2003-05-08,6941879667,valentina.coppola@libero.it,AEuspLjq,WhitePanther,qPI1p0YJJi,22
163,Marco,2002-06-24,1208345162,marco.grossi@yahoo.it,i1lc15Rz,NightFalcon,4Nthoyor89,23
164,Franco,1995-11-20,6992840558,franco.casadei@icloud.com,qmnuZ6w3,SilverFalcon,6ciMzDcqp3,29
165,Sara,1995-03-21,0510784789,sara.sanudo@hotmail.com,grZRydNz,StormRabbit,8OUngjpHTR,30
166,Valentina,2000-02-10,3767314301,valentina.scarpa@libero.it,fXosJLRq,ShadowBear,J1kzP2Hkdt,25
167,Sara,2001-02-13,4323336279,sara.pezzali@gmail.com,b7d1eCaj,SilverFalcon,FVakIRWJj7,24
168,Luca,2001-07-28,3855924468,luca.fornaciari@libero.it,dGjOiQk2,NightMoose,PhZiaPbRa7,23
169,Giada,2000-11-01,7579302529,giada.leonetti@libero.it,LmZ4yRGE,WhiteEagle,QOYl2ODLZz,24
170,Simona,2005-03-09,9339681776,simona.pace@gmail.com,YYyrErAs,StormOtter,eJOkJGP7ZM,20
171,Marco,2006-04-05,7050860872,marco.bajamonti@hotmail.com,fwPEBpIa,StormMoose,3JJ9tcYMeN,19
172,Laura,2007-01-01,0849332151,laura.bonino@libero.it,Va9ZAyW6,ShadowBear,ezMx7cxuFh,18
173,Giada,2004-03-24,0224448442,giada.novaro@outlook.com,OCDPKXmx,GoldenCoyote,UVS0ZFlux9,21
174,Monica,2004-12-30,6424602086,monica.giovine@icloud.com,conqDXQi,NightFalcon,9v2wd4PKff,20
175,Elena,2000-08-17,0262557696,elena.lucarelli@icloud.com,73JsLREf,BlackFalcon,qkyV7dgSG1,24
176,Martina,2005-05-14,2882170719,martina.pastine@gmail.com,Gy2nwAzl,FireCoyote,E1nWCo9KRv,20
177,Andrea,1997-11-19,7736545512,andrea.tomasini@libero.it,22pbB8mj,FirePanther,sgCXdCSL8m,27
178,Giada,1995-01-12,7809858112,giada.comboni@gmail.com,8kZsDIHC,ShadowOtter,3gYodbUNag,30
179,Filippo,2004-12-18,4313407235,filippo.ughi@yahoo.it,RH8t4PPz,SilverTiger,jtSx4TUieS,20
180,Silvia,2007-02-16,3449053765,silvia.florio@icloud.com,eQhiLbZq,GoldenCoyote,eCeirsWOD8,18
181,Silvia,1996-02-29,3892792075,silvia.trentini@hotmail.com,pnzXVqNA,ShadowTiger,Cj25hCqo7s,29
182,Daniele,2006-03-21,5122439103,daniele.toselli@yahoo.it,mEZLx1jL,DuskLynx,A2xJKURyRt,19
183,Francesca,1999-08-01,4107907900,francesca.lucchesi@yahoo.it,oFnv4vYz,IcePanther,45SOAhmscq,25
184,Elena,2005-06-20,6718468063,elena.grasso@hotmail.com,SNtnzpN5,SilverFalcon,66yvXmPnY0,20
185,Franco,1999-11-23,3264043045,franco.agostini@gmail.com,5a9iJIoF,GreenTiger,v4nUgHkU9y,25
186,Matteo,2003-08-14,9109698777,matteo.mercati@hotmail.com,Yiroq9nk,RedOtter,zNYgGR3UxT,21
187,Sara,1996-04-24,7411962484,sara.benigni@icloud.com,pwwoHR6x,IceBear,83Gp5CoZ4t,29
188,Roberto,1997-06-20,0279001508,roberto.gradenigo@libero.it,01Pca48H,ShadowOtter,W6wB4q6dPz,28
189,Luigi,2003-06-06,5529992932,luigi.giannini@hotmail.com,F45juz1H,RedOtter,5vte4SdLDf,22
190,Daniele,2006-07-23,8011214362,daniele.giannotti@hotmail.com,rJSxdEoQ,ShadowOtter,3K1eYkhZjo,18
191,Giovanna,1995-05-26,9254181114,giovanna.lussu@libero.it,9ndUuIhK,GreenMoose,7sUWOO2F3J,30
192,Simona,1994-12-07,5792334880,simona.munari@gmail.com,DmUt1eXq,BlackFalcon,JXBVW6EGzb,30
193,Elena,1994-09-04,3314985936,elena.ricci@hotmail.com,X8RX56Q2,SilverLynx,cf9F58o1uS,30
194,Paolo,1994-10-16,2437440442,paolo.bettoni@hotmail.com,BnMFmpmu,WhiteEagle,hrZAyyDaHP,30
195,Matilde,1996-07-16,9255114835,matilde.dovara@hotmail.com,MhR1GvCs,DuskLynx,5Zr1kO0Ltl,28
196,Alberto,1996-04-24,2449714501,alberto.longhena@yahoo.it,RXheq0tC,RedRabbit,r4JdtVi4oI,29
197,Chiara,1997-12-21,4189594301,chiara.mastroianni@icloud.com,dpn5T0n6,BlueWolf,41Gpd3oOdS,27
198,Giovanna,2003-12-28,0580363136,giovanna.callegaro@hotmail.com,e1GAtpO6,ShadowOtter,sfljxdjbLZ,21
199,Stefania,1998-01-03,4139517596,stefania.sinisi@libero.it,RqPNFhEv,GoldenCoyote,i4h4cI6jnL,27
200,Serena,1996-04-29,5576562156,serena.rusticucci@gmail.com,kA2HzDrp,SilverTiger,5jCTbGNxYM,29
201,Massimo,1994-11-24,6877626349,massimo.scarpa@hotmail.com,CQAsti0A,IceBear,BE4ePBU5x3,30
202,Alessia,2003-10-03,8103948257,alessia.gabba@outlook.com,zijldslZ,FirePanther,ZNJAuDZ2Ff,21
203,Roberto,1995-01-20,4754517988,roberto.orengo@libero.it,ca2NVzil,WhiteMoose,FycdWVfh6W,30
204,Angela,2005-10-20,6605313293,angela.tron@hotmail.com,ty36Ym2z,GoldenLynx,yOWcBEyKbo,19
205,Giovanna,1998-02-25,9757994261,giovanna.golgi@icloud.com,m0CUj9oW,StormMoose,e25k10D0bn,27
206,Chiara,2003-07-31,8126898769,chiara.procacci@libero.it,QQYfIyVi,SilverFalcon,QRsl0MN86d,21
207,Matteo,1994-09-04,0116391476,matteo.speri@yahoo.it,SFe0GIZP,SilverFalcon,IsWiwKLF63,30
208,Franco,2000-11-02,1088582283,franco.cuomo@yahoo.it,Rb9SSoYj,SilverTiger,0QGeOGtMjs,24
209,Claudia,1998-12-17,3725025277,claudia.garzoni@yahoo.it,4Docfs15,NightRabbit,oFXhxv1KEa,26
210,Martina,2004-11-20,0637058200,martina.disdero@yahoo.it,BMsnqj9u,FirePenguin,WWrfVGQvb3,20
211,Alessandro,2005-04-14,7673845614,alessandro.carullo@icloud.com,YSiNwLf2,ShadowBear,k1vJzxuZ2e,20
212,Sara,1999-07-24,2197476906,sara.calvo@gmail.com,YDYDuftz,NightRabbit,JdSMDKu8Pe,25
213,Stefano,1994-09-15,7850088351,stefano.anastasi@yahoo.it,YvL6q4pO,StormMoose,93th2MA5C7,30
214,Giovanna,2004-04-16,2010549213,giovanna.malatesta@icloud.com,llYqIO58,RedOtter,iaSBkbVzs9,21
215,Franco,2004-08-29,1800092646,franco.novaro@gmail.com,GLieEfTx,StormMoose,aWNO1v5BI8,20
216,Francesca,1995-12-31,7851007475,francesca.ficino@icloud.com,sBdBdJG5,WhiteEagle,pDtxqZjDBH,29
217,Daniele,1999-10-21,0971463959,daniele.vespucci@outlook.com,ZvJPA4xn,NightMoose,geDXsQ7H4m,25
218,Tommaso,2002-06-19,5001721731,tommaso.grossi@yahoo.it,Nbre3f7M,CrystalMoose,reu5drqNxd,23
219,Matteo,2002-01-17,1470299147,matteo.ruffini@yahoo.it,SLhd5WZz,WhiteMoose,7bxf8xnLBg,23
220,Andrea,1999-11-23,7032782232,andrea.ferragni@outlook.com,iuESnPSm,WhiteMoose,sic255DTru,25
221,Enrico,1998-04-03,5091064897,enrico.asprucci@icloud.com,NmfBmCmL,GreenMoose,nfomMyyi2a,27
222,Gianni,1999-11-30,2221957370,gianni.calbo@hotmail.com,YOgSx95j,SilverTiger,EnxJb430Hc,25
223,Luigi,2001-10-22,8282226497,luigi.orengo@yahoo.it,kgSuhkJ5,FirePenguin,znry0flFML,23
224,Laura,2001-04-20,8076408249,laura.trezzini@gmail.com,04HrnYco,ShadowOtter,ZEJaLiLHT2,24
225,Andrea,1995-07-10,3863581319,andrea.borroni@hotmail.com,6ieXD3kp,CrystalBear,CT7pam46r9,30
226,Simona,1998-11-22,0496648684,simona.rusticucci@outlook.com,uGXujKVJ,RedFox,8RW696pulg,26
227,Massimo,1996-04-20,5191914794,massimo.germano@yahoo.it,MSpYenoe,CrystalBear,DJ1T8Xakio,29
228,Chiara,1999-05-08,2435879775,chiara.sagredo@gmail.com,1cdIUxT4,FirePanther,7yWun31B9G,26
229,Gabriele,2006-04-10,4344211550,gabriele.pennetta@outlook.com,RT8K3CJZ,ShadowBear,xBiawvt56R,19
230,Beatrice,1997-11-07,2579587536,beatrice.redi@icloud.com,FGkmdjY7,BlackBear,62oM9u0Dlu,27
231,Silvia,2002-12-03,8182858695,silvia.amaldi@gmail.com,6GqNtLyu,ShadowTiger,6NsUsAvBJa,22
232,Matilde,2001-03-28,0258299122,matilde.martinelli@libero.it,EIbyxcdt,BlueRabbit,SSx171R9lz,24
233,Giovanna,2003-03-24,1919852094,giovanna.bruno@libero.it,Qdtcl9m1,BlueWolf,BuO7PYjSgT,22
234,Elisa,2002-06-13,3875606310,elisa.barcaccia@icloud.com,zMbyA48A,NightRabbit,LaPVx1wDr2,23
235,Tommaso,2002-09-09,1791407716,tommaso.venturi@yahoo.it,bZc3Q0Ru,SilverFalcon,lUW3M0m6Uc,22
236,Luca,1994-12-19,8360647842,luca.piovani@icloud.com,fiHiaXNc,CrystalBear,xGLPDkaSLz,30
237,Stefania,2003-01-22,6161814450,stefania.bosurgi@gmail.com,e51tizai,FirePenguin,Lv86bx7p5W,22
238,Alessia,2003-06-21,6635083246,alessia.ceschi@outlook.com,OEb5H17C,WhiteMoose,Jkt6qsbnyP,22
239,Alberto,2002-07-08,9656843421,alberto.greco@icloud.com,2oyFtRTx,StormMoose,d6tXjXpYqP,23
240,Massimo,2000-04-26,8791691090,massimo.morosini@gmail.com,Zg5LeIVU,WhiteEagle,GdW1goss7E,25
241,Beatrice,2000-01-06,6769379593,beatrice.giacometti@gmail.com,t6E8iG5i,BlackBear,uQ4xNmLudY,25
242,Elena,1999-08-18,0009253430,elena.balla@gmail.com,iYSkGY7R,IcePanther,RXFnbbDZ2S,25
243,Luigi,2007-06-28,3476053176,luigi.giolitti@libero.it,H70RShQD,StormMoose,ScY4tKsfsv,18
244,Marco,2006-07-01,9691924731,marco.morosini@gmail.com,FGHBHETQ,GreenTiger,Q1wlF3PxCu,19
245,Enrico,1998-03-12,4932866922,enrico.colletti@libero.it,dLWVm6h7,SunPanther,PnK0XEz4YQ,27
246,Serena,2001-10-22,0796323379,serena.galvani@yahoo.it,WYFP3LU7,NightMoose,EdFynBwafj,23
247,Silvia,2006-07-27,8514771934,silvia.salata@hotmail.com,96UOBp1F,GreenOtter,eGFc00YnSX,18
248,Claudia,2007-05-26,7817468491,claudia.tamburello@icloud.com,dL7U3Fy7,GoldenCoyote,yatQpwcCW2,18
249,Giada,1997-08-17,7559837530,giada.tacchini@gmail.com,y8meIaT4,FireCoyote,XIMkXFrFDM,27
250,Daniele,2000-05-16,0717533678,daniele.filippini@gmail.com,HkyDve3l,BlueBear,vnWQBvx5UV,25
251,Alberto,1996-11-06,3540016782,alberto.zacchia@yahoo.it,R9xYHZih,WhitePanther,MSXHgo5zRP,28
252,Luca,1997-12-11,0917060573,luca.paolucci@outlook.com,TFd9bMjH,WhiteEagle,0njmxaigRK,27
253,Elisa,1998-10-07,4962834958,elisa.ceravolo@yahoo.it,n6PwAP0a,SunCoyote,eLKUiHHFdT,26
254,Laura,2002-11-17,6299715128,laura.zamengo@hotmail.com,zIWjPKti,IceFalcon,8oc8AzKGMg,22
255,Francesca,2006-01-25,9027615929,francesca.taliercio@outlook.com,iXpChsbr,BlueBear,EFJ7p1eU0Z,19
256,Giovanna,2003-07-31,1435321346,giovanna.galtarossa@yahoo.it,bWkjATew,NightMoose,899q0pj59b,21
257,Silvia,2003-03-21,7904174048,silvia.crispi@gmail.com,1ys407v6,CrystalMoose,ed2qEVIpaJ,22
258,Luigi,2003-08-06,8918196396,luigi.bompiani@icloud.com,LaaeETjb,SilverFalcon,jpBZ67bUHj,21
259,Elisa,1998-02-10,3150799366,elisa.cadorna@yahoo.it,VpmFkB54,SunLynx,aLo4hpEbiP,27
260,Monica,1997-09-14,1840942056,monica.luciani@yahoo.it,IDBLqaAh,BlueRabbit,n79t5WyBEg,27
261,Veronica,1994-12-03,6252714004,veronica.palazzo@gmail.com,ePNR3jvy,DuskLynx,Gzwb7shLdV,30
262,Monica,2003-09-07,9645658843,monica.travaglia@libero.it,SRyI5hXq,StormMoose,znVO6UnKYv,21
263,Martina,1995-01-24,3023963033,martina.cheda@outlook.com,iwpfEeJb,GreenTiger,8YI4x3QPUB,30
264,Luca,2005-06-25,3813660710,luca.gaito@hotmail.com,8vq0oiHr,SilverFalcon,uvvSgOul2y,20
265,Alessandro,2006-04-25,5974321452,alessandro.marrone@libero.it,cp1Z8ewC,SunCoyote,aWCpdyvCVX,19
266,Roberto,2001-12-15,3678984269,roberto.ziani@gmail.com,QyPKDqmH,CrystalMoose,MmMzNieT43,23
267,Enrico,2000-07-23,2828179768,enrico.garibaldi@yahoo.it,uqEdfCeH,IceFalcon,XUpbF70Zhl,24
268,Laura,1996-09-05,5157793380,laura.galtarossa@hotmail.com,C9KbRxtg,GreenOtter,LmQhGJoWi3,28
269,Laura,1996-09-09,1744873456,laura.rosmini@gmail.com,WVOyyhgy,NightRabbit,fd8CRhm3wB,28
270,Massimo,2004-03-06,1015795025,massimo.briccialdi@icloud.com,DD4bu9UH,ShadowBear,BSR0uXxdAJ,21
271,Gabriele,1995-08-04,9339522177,gabriele.ceci@hotmail.com,2oTCrCUK,SunPanther,uyPwmUq98y,29
272,Tommaso,2006-11-14,7560028138,tommaso.folliero@hotmail.com,OyOt3w8u,GoldenCoyote,38d7PwCrb2,18
273,Monica,1994-10-14,5878969064,monica.donatoni@icloud.com,zJQfKkM0,CrystalBear,aGR1PQwVAc,30
274,Andrea,2005-01-16,7584382005,andrea.benussi@icloud.com,jQ0walyj,RedFox,UKvMHbC8oJ,20
275,Claudia,1997-04-15,4171222049,claudia.malatesta@gmail.com,8WiazYqw,IceBear,mZe1H7XwzR,28
276,Daniele,2002-02-25,8122681344,daniele.leoncavallo@yahoo.it,iy9CAurT,RedOtter,J80P0pLycG,23
277,Carlo,2003-10-19,6179920602,carlo.botta@yahoo.it,kCApUpuF,SunCoyote,6zxhwvGqf2,21
278,Veronica,1994-07-13,8049129236,veronica.anguillara@gmail.com,pV43jTc1,WhiteEagle,KxH6uda0f8,30
279,Alberto,2004-10-22,1729423087,alberto.baroffio@libero.it,0IgChrsh,GreenMoose,d9uGaGsVTT,20
280,Alessandro,1999-12-19,5730447327,alessandro.ferrari@hotmail.com,zzXRvhxg,RedRabbit,utcF2yNOD7,25
281,Elisa,2004-02-12,4364957385,elisa.callegaro@outlook.com,FRIRPcgb,IceBear,AUlCxZyovX,21
282,Massimo,2000-04-14,9917916998,massimo.gregorio@outlook.com,DjHWUacX,SilverFalcon,lKDbBPnMYH,25
283,Alessia,2004-11-15,0939983295,alessia.baggio@outlook.com,d72McyLa,GoldenLynx,enmiYHw9E2,20
284,Beatrice,2000-02-28,1851376506,beatrice.santorio@yahoo.it,zq8qgQst,FirePenguin,C0RauJgUna,25
285,Giada,2006-08-09,3169625492,giada.piazzi@icloud.com,KksQjA1I,StormOtter,2E6IG0MDDy,18
286,Valentina,1997-03-15,4739432362,valentina.muratori@gmail.com,KwTFjmiR,CrystalRabbit,6reZWbiPWs,28
287,Filippo,1997-02-22,7779171337,filippo.anguillara@libero.it,0i2gFCnK,StormRabbit,xfqdDKfhmX,28
288,Alberto,1997-09-23,5069655493,alberto.alfieri@hotmail.com,xcLUBObm,FirePenguin,fQNZ9Xzvqv,27
289,Gianni,2005-10-06,8137999055,gianni.babato@hotmail.com,MkmekzWQ,SunPanther,QQFrUrO9W0,19
290,Alessia,2000-10-30,7726192291,alessia.pedersoli@hotmail.com,3ZmRdVHM,ShadowBear,I7GF78dF8B,24
291,Chiara,2004-03-08,7937506960,chiara.ortese@outlook.com,zRQ46z6V,FirePenguin,lxbGbMATzK,21
292,Claudia,2006-07-03,0400714540,claudia.guarana@icloud.com,EBnbDAsM,SunPanther,jSrms0Rcs8,19
293,Luca,2002-10-16,4556158233,luca.bernini@hotmail.com,yyirQqnR,SunPanther,SiXVGuDzsL,22
294,Francesca,1998-02-19,5410004983,francesca.andreozzi@hotmail.com,ndmQdehk,GoldenLynx,P8GNurQQvE,27
295,Laura,1997-04-18,5514315507,laura.peranda@outlook.com,q6MwHzw3,WhiteMoose,9DEKQymZcZ,28
296,Martina,2001-12-11,2791743873,martina.geraci@libero.it,2PoZgwbs,SunCoyote,Z6kwuKtUpz,23
297,Roberto,2006-12-14,3142366845,roberto.gucci@libero.it,5Wilr3MS,CrystalMoose,Yd9cHDdKUl,18
298,Daniele,1995-07-29,3167648009,daniele.bernardi@yahoo.it,uYqfGvcw,SilverLynx,JLVrLcZhPo,29
299,Massimo,1998-08-12,6356899724,massimo.longhena@icloud.com,T8m09ab3,StormRabbit,9MxOeH58ef,26
300,Filippo,2001-02-13,1517314838,filippo.leopardi@icloud.com,NJdwDLcL,FirePanther,zkQCy2xphP,24
301,Tommaso,1994-12-05,0934544646,tommaso.troisi@icloud.com,inYkj6Wf,GreenOtter,5HFx4Y0YEl,30
302,Beatrice,2005-05-28,9726073906,beatrice.piccio@libero.it,8XlSkyHO,StormMoose,E8DzrMqBFy,20
303,Luigi,1997-09-24,5674024855,luigi.donini@hotmail.com,Vaz9euLl,ShadowOtter,KlPDNEmt6M,27
304,Stefania,2005-03-18,9925598481,stefania.duse@gmail.com,pHIb3wcn,FirePenguin,EM2yxrue04,20
305,Stefano,2005-01-24,4086255280,stefano.cerutti@gmail.com,F5Xiokf8,ShadowOtter,QcXA10ZKyw,20
306,Filippo,2005-08-17,6696761182,filippo.torlonia@yahoo.it,vGMHxFmn,GreenMoose,S1tIZ7tbiJ,19
307,Angela,2000-08-04,8853748844,angela.balbi@hotmail.com,uaerPizZ,IceFalcon,DDEfiTYdk4,24
308,Simona,1997-08-02,2305074946,simona.borromeo@yahoo.it,K1fVhhMn,IceBear,TUI5Y2opR1,27
309,Filippo,2001-01-19,2846779098,filippo.giunti@outlook.com,7yxS2Imy,DuskLynx,yZGlaapZF7,24
310,Massimo,2004-06-29,0387077919,massimo.chiesa@hotmail.com,B42CfG4Y,SilverTiger,oePGBfktiG,21
311,Gianni,1994-11-02,9156018168,gianni.pinamonte@gmail.com,d48Lfhbm,SilverTiger,QXnziMwPjH,30
312,Roberto,2000-07-08,6282991471,roberto.galiazzo@hotmail.com,SjAdgsHG,ShadowTiger,AcmLUdZttc,25
313,Laura,2004-09-06,0917375142,laura.mantegazza@yahoo.it,5rQj7eMc,StormRabbit,fkJaFnZJy7,20
314,Paolo,1994-12-26,4807803902,paolo.marrone@icloud.com,sfJIIRF6,CrystalMoose,Qa9wswMMOw,30
315,Enrico,1998-12-11,9755189152,enrico.nitto@gmail.com,B5T6R1uU,WhiteMoose,MQLoi1F405,26
316,Paolo,1999-10-26,8783693124,paolo.casagrande@yahoo.it,mufQ6EbG,WhitePanther,ouzrJ8bQpv,25
317,Luca,1996-09-22,0859681325,luca.filippini@hotmail.com,P7Ud9tD2,BlackBear,WfuZ948ae4,28
318,Angela,2000-08-03,9889306612,angela.bonanno@hotmail.com,BIh70zqx,CrystalMoose,s6zfiY0wgF,24
319,Gianni,1995-05-19,9107607960,gianni.biagi@outlook.com,QblVkKNu,SilverTiger,dhaUfG36A4,30
320,Elena,2005-04-26,6996767582,elena.magnani@yahoo.it,Fbs05waQ,ShadowTiger,ptyfEk5SyP,20
321,Massimo,1997-10-10,5107490533,massimo.serlupi@gmail.com,UwKgifbB,IceBear,j4ATmu8Box,27
322,Laura,2000-04-30,8605079986,laura.santoro@hotmail.com,0WKteOa2,NightMoose,krxbEQWxLQ,25
323,Elisa,2005-10-18,4646723238,elisa.marcacci@outlook.com,s9RRvk0g,RedRabbit,M0ILl1byxL,19
324,Serena,1994-12-01,4797563063,serena.marcacci@gmail.com,fAh7jwTO,DuskLynx,ryJKe7NBtZ,30
325,Martina,2002-03-29,2558278253,martina.iannotti@outlook.com,tJrSa1T8,IceFalcon,f2NgCEOXA5,23
326,Matteo,2002-03-22,3529306215,matteo.iacobucci@icloud.com,5DH0m4F7,BlueWolf,Gz9IsVuC5T,23
327,Tommaso,1996-09-19,1330532312,tommaso.bernardi@gmail.com,6247lnoX,NightFalcon,Ks4JLr9qto,28
328,Sara,2004-07-19,5632401516,sara.tartini@outlook.com,FUZOofVe,GreenOtter,nAfXul5l1z,20
329,Stefano,2000-02-17,5284089597,stefano.abba@hotmail.com,vXvCGvAP,NightFalcon,C0ZURRaMlH,25
330,Filippo,2002-01-28,8671200896,filippo.chechi@yahoo.it,b7WGQezp,StormOtter,Tta9R23se0,23
331,Tommaso,2005-05-16,9451940463,tommaso.sauli@gmail.com,6GS00Cck,WhitePanther,hsqFlIpjHe,20
332,Luigi,1997-01-07,4514294452,luigi.liguori@libero.it,C6maUbfG,WhiteMoose,teaiXtASib,28
333,Beatrice,2002-03-22,7502665323,beatrice.toso@hotmail.com,YVicO0rH,IceBear,yn9e4f0ZRw,23
334,Giovanna,1994-07-13,8461696042,giovanna.zoppetto@hotmail.com,KV06rUHx,WhiteEagle,zwiFyK38wC,30
335,Stefania,2007-03-26,3252985486,stefania.luxardo@yahoo.it,YxKdh735,BlackBear,C7BVdy7fRH,18
336,Serena,2000-05-15,4862116766,serena.manunta@libero.it,jm1yv0M3,GreenOtter,EkRCxp1mgG,25
337,Andrea,1995-08-09,5659429020,andrea.branciforte@outlook.com,5CPOarx9,BlueBear,cyWAhwCr2g,29
338,Claudia,2005-08-23,8292440539,claudia.antonello@outlook.com,FBOc7hnc,StormRabbit,yDg5sZy5TM,19
339,Monica,1999-02-22,4048566924,monica.rienzo@hotmail.com,gZAVlDS1,FirePenguin,ruFpos6vqJ,26
340,Stefano,2003-06-17,5088151983,stefano.gabbana@gmail.com,8qTRmjsy,GoldenCoyote,CpVljjfqkL,22
341,Luca,1996-11-15,4008273406,luca.gualandi@outlook.com,q9H1zVgA,BlueBear,ZbB8iVeBv4,28
342,Elena,2000-10-13,7316130255,elena.modugno@outlook.com,hBM6jcPe,GreenTiger,dc7mQ8KAj0,24
343,Monica,1999-03-18,9310794708,monica.giusti@icloud.com,H50WTbUf,NightFalcon,up0xVjGP6l,26
344,Valentina,1998-05-26,6425834798,valentina.trevisan@hotmail.com,T1frDtn0,BlackBear,jZgWrEPaT8,27
345,Sara,2007-05-07,6457090283,sara.argan@gmail.com,RAzSnSPT,SunPanther,jmxMN2pBB4,18
346,Stefania,2000-07-12,6472907723,stefania.paolini@icloud.com,JUDVhDu6,SunLynx,aWaxupxuKM,24
347,Beatrice,2006-07-12,2308449899,beatrice.mogherini@outlook.com,AyrRnlPk,RedFox,uOCtq7eoFu,18
348,Chiara,1998-08-05,8351245717,chiara.tornatore@icloud.com,d4trancy,GoldenLynx,nCrPxlEloW,26
349,Simona,2000-04-27,7488023521,simona.gagliano@outlook.com,2BqtDdaw,NightFalcon,dLeT2Gulz2,25
350,Paolo,2007-04-22,3706192293,paolo.celentano@hotmail.com,j8voKfav,SilverTiger,PKDvndce7P,18
351,Massimo,2005-10-26,3506155396,massimo.aulenti@outlook.com,KiaM1yaQ,BlueRabbit,cYuOu3ZXUV,19
352,Silvia,2002-10-20,6269700326,silvia.toscani@hotmail.com,1A2f1f0x,StormMoose,B0z7fKTRbO,22
353,Roberto,2003-11-24,6143136751,roberto.camicione@libero.it,LOyOlOvJ,DuskLynx,rkzD8hOnMA,21
354,Alessandro,1999-05-23,1739188967,alessandro.fornaciari@gmail.com,vwPpnEu4,BlackFalcon,IhRDv0MnpU,26
355,Filippo,2000-02-02,4991746337,filippo.trapanese@icloud.com,uYWJcYZd,WhiteMoose,1xXQUiELob,25
356,Giovanna,2001-05-25,7094748044,giovanna.ovadia@outlook.com,0OEjdXnR,BlackFalcon,5FR1TuKllw,24
357,Martina,1997-01-01,7265491739,martina.gadda@icloud.com,lUOq0KIw,WhiteMoose,9RjtaDrb6Q,28
358,Massimo,2004-12-24,8482378601,massimo.cuda@hotmail.com,WLur0s62,CrystalBear,kUWt4x9HmC,20
359,Chiara,2000-04-12,8825263691,chiara.sermonti@hotmail.com,4zecwZPg,SilverFalcon,pjIuq6RgyI,25
360,Martina,1994-09-07,6126599226,martina.nadi@libero.it,eOLDtFvE,SunPanther,tTcQvxim3S,30
361,Claudia,2003-11-13,1905783106,claudia.strangio@libero.it,Aj8Pd7dQ,WhiteEagle,v5MFRiAzyr,21
362,Beatrice,1998-01-25,4875487578,beatrice.costalonga@outlook.com,iO0QbgJn,IceBear,2Rm3vgezy8,27
363,Francesca,1997-10-22,3177098621,francesca.spadafora@libero.it,uXVwUgG5,WhiteMoose,VOTMymUnSb,27
364,Giada,1999-06-11,1324935403,giada.lippomano@outlook.com,F0N8LmyK,FirePenguin,md6abwectT,26
365,Franco,2004-03-11,2107143788,franco.bondumier@hotmail.com,todL54QZ,NightMoose,11cvzET2is,21
366,Roberto,2006-02-18,2330606993,roberto.zampa@libero.it,pbTiAq9P,GreenMoose,zzsLe847bo,19
367,Valentina,1996-08-02,7114408868,valentina.camicione@outlook.com,VbPyy1hu,ShadowBear,V6rweF5LeZ,28
368,Angela,2000-08-16,3061172586,angela.rusticucci@outlook.com,UaLgtVzP,WhiteMoose,OY1b1K9M44,24
369,Alessandro,1994-08-20,5902807680,alessandro.vento@yahoo.it,suj3u0Dd,WhiteEagle,7z9VzQdC7w,30
370,Giovanna,2005-09-26,8888610280,giovanna.pacomio@outlook.com,JKWMDVQo,NightMoose,ctqf9W1ymX,19
371,Serena,2002-03-16,5752862700,serena.letta@yahoo.it,uGhkAU9H,NightRabbit,Osw6P3fGXM,23
372,Andrea,1996-09-13,2258991687,andrea.ceci@yahoo.it,LhSf2BZR,SilverLynx,ZTsDmTQG8i,28
373,Francesca,1996-04-01,6945173148,francesca.ottino@gmail.com,aGBjO0rA,BlackBear,9SBPeFmryR,29
374,Roberto,1998-02-26,2841056470,roberto.iacobucci@icloud.com,TEnC7BYK,ShadowBear,TWMdWR5rEZ,27
375,Luigi,2002-12-11,3235616591,luigi.moccia@gmail.com,FqaOpbf2,CrystalRabbit,p1PMSbg3YD,22
376,Luigi,1995-04-10,9560412776,luigi.cipolla@libero.it,ls4VQKR9,StormMoose,APe0iiNKv3,30
377,Roberto,2006-02-24,1004417261,roberto.celentano@icloud.com,rZ8yvib8,FirePenguin,HPZm6s7fgi,19
378,Elena,1999-08-11,2081490118,elena.loredan@outlook.com,jUfzEqJ0,StormMoose,xmvpCId5TI,25
379,Monica,2004-04-05,4466543280,monica.zaccardo@outlook.com,20odAv3B,GoldenLynx,jFte5H9DbA,21
380,Massimo,1998-10-27,5539430538,massimo.cortese@outlook.com,q5rytVKw,RedRabbit,IxQorRKXZM,26
381,Luigi,2006-06-05,2842456796,luigi.luria@gmail.com,wWOTgmc4,FirePanther,3L6g3kxjVS,19
382,Marco,2005-01-06,6477343229,marco.tornatore@icloud.com,osmVgZST,SilverTiger,YnydLnKuNG,20
383,Serena,1996-07-18,5282950494,serena.filangieri@outlook.com,BwBASGwt,FirePenguin,JNp9U58MLV,28
384,Franco,1995-08-16,1008795046,franco.pasqua@icloud.com,D8vqoNH6,BlueBear,6yZ3EWK43n,29
385,Massimo,2004-01-08,7208111806,massimo.caboto@outlook.com,TXzUD5Tw,CrystalRabbit,rfipgUL6L3,21
386,Matilde,1996-06-13,5735464002,matilde.faggiani@gmail.com,puelwkCc,StormOtter,x0tPehQEb6,29
387,Valentina,2002-10-07,3247499417,valentina.lovato@outlook.com,P4PF9LZf,SunPanther,KPuCu0AK3z,22
388,Matteo,2007-05-18,6311356425,matteo.calbo@outlook.com,o9NWf848,BlueBear,faZAyUehs0,18
389,Massimo,2007-04-28,0014892136,massimo.gullotta@outlook.com,VtxKBVeb,ShadowBear,lCpbcZZGYX,18
390,Massimo,1999-10-21,5043377611,massimo.giusti@gmail.com,4UE7CJSx,DuskLynx,YEZipip228,25
391,Marco,1996-12-24,5997258943,marco.modiano@yahoo.it,8wCQLaZ5,SilverLynx,uJgxBx27Q5,28
392,Claudia,1997-06-22,8944485396,claudia.malacarne@libero.it,30R5FIke,RedFox,OnOqPhXebI,28
393,Martina,2004-02-23,9783124504,martina.nievo@yahoo.it,ylC9MCj6,IcePanther,gijKALO5IE,21
394,Valentina,2007-02-28,7803923904,valentina.cundari@outlook.com,cVEDXb6q,FirePenguin,Q1sZoEZT9X,18
395,Massimo,2005-06-05,5919405902,massimo.casini@hotmail.com,nDjiQQor,WhitePanther,vbk4hI9R9E,20
396,Giulia,2004-07-25,7779831991,giulia.ottino@gmail.com,GKNKJmAJ,GreenOtter,3xDOGNW9CV,20
397,Francesca,2005-09-30,6870486980,francesca.passalacqua@hotmail.com,fSMZ4PJL,WhiteMoose,KoewEfVVNi,19
398,Stefania,1995-04-02,9375902817,stefania.pastine@libero.it,hBNP0aZQ,GreenMoose,FTSOx4JXfq,30
399,Alessandro,1997-11-06,3758621764,alessandro.sandi@icloud.com,Pdw2NUlQ,GreenTiger,07T48wDXNa,27
400,Valentina,2006-11-16,8693228685,valentina.endrizzi@gmail.com,HSCQj2CV,BlueRabbit,zFPJNdSv4k,18
401,Gianni,2002-07-12,6222181882,gianni.broschi@yahoo.it,BJ57Ai53,SilverTiger,xfNdEGHiFc,22
402,Elena,2004-06-16,7468417326,elena.tolentino@icloud.com,jSUCJqX4,StormMoose,3zLZv5JLLK,21
403,Laura,2001-08-10,7095477555,laura.guglielmi@outlook.com,b3iABIxf,FireCoyote,tdHOmKCKIi,23
404,Luigi,1999-01-03,2621742319,luigi.gottardi@hotmail.com,DP3vXqG2,GreenMoose,09Wwsr7ciJ,26
405,Enrico,2005-04-18,2753112390,enrico.semitecolo@hotmail.com,XU1i2cTW,BlueWolf,cWAFxMAPVb,20
406,Enrico,2006-05-30,9335570834,enrico.zanazzo@outlook.com,dkaye0zi,ShadowTiger,rdZaMXI6Ft,19
407,Serena,1997-11-17,5776917100,serena.borroni@yahoo.it,Eo1bznjN,StormOtter,bcsN4hNgiQ,27
408,Angela,2003-02-08,3904446197,angela.strangio@outlook.com,LWcd4j0h,NightFalcon,d4EHSoDMLd,22
409,Tommaso,2006-12-16,5674593451,tommaso.castelli@libero.it,n2o6cjDl,ShadowTiger,5y3DTzcqum,18
410,Angela,2007-06-10,9937190849,angela.lucarelli@gmail.com,oYEAxbMx,StormMoose,5cOtvrZrCB,18
411,Monica,1999-04-12,5791021455,monica.vittadello@hotmail.com,KUDCQCI4,DuskLynx,or85dibetO,26
412,Elena,2004-11-24,9702976938,elena.battelli@gmail.com,m8MU87bZ,CrystalBear,0BfiDZaCTZ,20
413,Stefania,2000-12-12,7622039379,stefania.zabarella@hotmail.com,QaGgV6vb,StormMoose,vSqPgj16Fe,24
414,Claudia,2002-09-30,9379353327,claudia.barcella@hotmail.com,OfL4473E,DuskLynx,fZPddWm21D,22
415,Elena,2003-07-21,1970123518,elena.pedroni@libero.it,315fivfN,CrystalMoose,8aSQ8agajf,21
416,Matilde,1999-10-02,5934926749,matilde.bonanno@hotmail.com,ZX7OVcWe,FirePanther,a0SQuEpox6,25
417,Alberto,2005-03-26,2752964434,alberto.zito@libero.it,knANWPwa,StormMoose,z761g4DmyB,20
418,Paolo,2004-07-10,6975608589,paolo.troisi@libero.it,SqSOyrIt,BlackFalcon,cEHKPKH3Hh,21
419,Alessandro,1997-03-19,2981855189,alessandro.gioberti@icloud.com,FUsOsLuW,WhitePanther,vgULFpb2AO,28
420,Carlo,2006-10-17,3708223753,carlo.fermi@hotmail.com,HSFhZMOa,CrystalMoose,SS0g6XTjG4,18
421,Filippo,1999-02-08,3902832871,filippo.schiaparelli@gmail.com,VbKKFleE,StormOtter,9w1NMSxOaI,26
422,Silvia,1996-06-28,1639508137,silvia.trezzini@gmail.com,HRokyzGg,RedRabbit,QBpX7C3hnu,29
423,Alessandro,2005-02-26,0167299991,alessandro.trevisani@outlook.com,BqLsjRW1,NightFalcon,IJEUEwgl7p,20
424,Martina,1996-12-05,2694628764,martina.manacorda@outlook.com,qn8LXqc0,FireCoyote,eI8ZLr0WuH,28
425,Roberto,2003-12-27,2134717336,roberto.romagnoli@icloud.com,8J8YxA1U,RedRabbit,IxtEXTqmkQ,21
426,Silvia,2003-02-01,3635889978,silvia.modugno@yahoo.it,ZgiLqPL8,SilverLynx,4zTzLpYzNL,22
427,Serena,1998-09-21,5631176653,serena.asmundo@gmail.com,3OGNiQST,IcePanther,93au7DY5Sz,26
428,Luca,1999-11-12,0676489073,luca.vitturi@libero.it,sDiEPnjw,StormMoose,D1ByV51VAL,25
429,Carlo,2006-06-06,5219983120,carlo.casaleggio@outlook.com,m8DWvwAU,FirePenguin,LJnGmioXju,19
430,Paolo,1997-03-15,5981614500,paolo.cagnotto@outlook.com,PxBEZTr2,IceBear,nZbI4u0v3F,28
431,Andrea,2007-06-16,6532194380,andrea.nievo@icloud.com,3IDEHJ4F,SilverTiger,Dy8XRrdrTK,18
432,Alessia,1995-12-02,3104138287,alessia.passalacqua@libero.it,mW0OLU5W,SunPanther,eMeS0gXzn5,29
433,Carlo,2000-09-06,1345456332,carlo.giacometti@icloud.com,IXMzd3gn,StormRabbit,EWLlz6SiQU,24
434,Andrea,1999-02-16,7880495566,andrea.fittipaldi@libero.it,4VAJQEqZ,ShadowBear,2NI0uZ6tJ2,26
435,Giulia,2001-10-11,6210127940,giulia.cianciolo@icloud.com,2zlCVFql,StormOtter,0xl9ht367G,23
436,Matilde,2001-08-15,8279647160,matilde.ferrucci@hotmail.com,oaSzLNqk,GreenOtter,PiEq5UltJC,23
437,Daniele,1995-01-23,0477107856,daniele.casarin@icloud.com,W4Hv8uzI,BlueRabbit,n2uvkUbHbO,30
438,Angela,2000-11-08,9215650075,angela.pellico@hotmail.com,Evx1NLzm,NightFalcon,TtK2Lt8Bl2,24
439,Martina,2001-09-04,6496686194,martina.lombardo@icloud.com,L045JfvC,BlackFalcon,cLXMuP1E0N,23
440,Andrea,2001-10-02,9707601015,andrea.filippelli@icloud.com,tRNfpTRo,SilverLynx,M1jK9mvyU5,23
441,Tommaso,2003-06-22,4167395901,tommaso.bompiani@yahoo.it,y4cKbbHd,WhiteMoose,MYocj8My2q,22
442,Stefano,1996-04-17,7572309780,stefano.rensi@libero.it,pSPdgvep,CrystalBear,fYUJ5LjfXL,29
443,Valentina,2007-05-14,3402201169,valentina.fornaciari@hotmail.com,G3gsmVco,SilverTiger,egCDgk2BwA,18
444,Alessia,1995-09-23,4307338379,alessia.travaglio@hotmail.com,xXbVa79P,GreenMoose,r16jrjvtmJ,29
445,Alessandro,2005-01-09,0803004592,alessandro.montanelli@hotmail.com,SmCwNtxA,SunCoyote,OywHhuNMit,20
446,Elisa,1997-03-03,7965547630,elisa.fo@outlook.com,y7OMAbQW,DuskLynx,q1B4qhqfQ8,28
447,Gianni,2006-08-29,4620949942,gianni.scarlatti@gmail.com,Qcj0psDV,WhiteEagle,KJkJ719f8R,18
448,Giada,1999-07-30,7577747882,giada.petrocelli@yahoo.it,EFZKRFP1,NightMoose,Xn9b4nIJng,25
449,Gianni,1997-10-03,0223520701,gianni.bottigliero@outlook.com,iRuEdU0K,StormMoose,fgHIKBjvGL,27
450,Serena,1995-03-30,0161183044,serena.zanzi@libero.it,wR59rFu2,SilverTiger,5id4H61rpN,30
451,Franco,1997-02-18,9631317403,franco.bertoli@yahoo.it,D6lQvnN3,GreenOtter,k4QkrM7iQz,28
452,Sara,2001-12-04,3482157950,sara.petrassi@yahoo.it,cH1O2JH7,FireCoyote,LGCiDFlYDa,23
453,Roberto,1994-12-18,9067392807,roberto.cardano@outlook.com,2MWk1QZG,ShadowOtter,ecgUSsEE7E,30
454,Simona,2001-05-20,1193888774,simona.correr@gmail.com,yKGtm2Hz,IceFalcon,hm4KsC8r8u,24
455,Francesca,1998-08-15,8879348714,francesca.lanfranchi@hotmail.com,kfRmfXys,BlackFalcon,ABunECgXFq,26
456,Massimo,2005-10-27,9983548606,massimo.broggini@libero.it,I3Fj6uPn,ShadowBear,T7Q4zcjbRU,19
457,Matilde,2005-07-22,2633934403,matilde.procacci@libero.it,0ZE6Kwen,IcePanther,FONtvluy9K,19
458,Elisa,2004-05-17,0693965905,elisa.zacco@yahoo.it,cckBOWF0,DuskLynx,Gfcn7ZxZUS,21
459,Filippo,1999-04-09,4237309630,filippo.bonino@outlook.com,HBH9UvTd,CrystalMoose,mVZXn1BQD4,26
460,Giada,2006-12-08,2289078926,giada.barillaro@icloud.com,xNExky7B,SilverLynx,i7g5AkrbyE,18
461,Alberto,2002-12-07,8207085687,alberto.sagese@icloud.com,7lBjqneS,DuskLynx,8AZO66X1dI,22
462,Alessandro,2001-05-02,2167211428,alessandro.iannucci@outlook.com,VlgrBAX3,CrystalRabbit,CUUm3SWJRE,24
463,Franco,2001-04-05,4702284605,franco.pascarella@icloud.com,BwRDq11d,SunCoyote,LRpfzRKaal,24
464,Stefania,2006-08-15,9274493699,stefania.viola@outlook.com,4ow3yTTm,StormRabbit,QaQjJzPZ5c,18
465,Elisa,2005-02-26,4427980054,elisa.ciampi@libero.it,HLDAn1vU,RedOtter,AfYlcwSROV,20
466,Gianni,2003-06-22,6746381209,gianni.tognazzi@libero.it,UhfYumse,BlueRabbit,cgVBfwSrHZ,22
467,Valentina,2004-07-19,2760439601,valentina.miniati@hotmail.com,HmyaBJDg,SunCoyote,DRsYHChAGh,20
468,Giada,1997-09-07,5027318398,giada.argenti@hotmail.com,gdqANzII,WhiteMoose,9m8GtETddJ,27
469,Sara,2005-05-13,2254988652,sara.toso@icloud.com,NYXljUMR,GreenTiger,ZPiN8QXb1F,20
470,Stefania,2005-08-01,6100744621,stefania.abba@icloud.com,9fVkYdAB,WhiteMoose,qj6mtrnbYy,19
471,Luigi,1997-06-22,0211443949,luigi.legnante@hotmail.com,huSPDVw9,StormMoose,lv39w3A2U0,28
472,Massimo,2006-04-30,1635112547,massimo.camicione@hotmail.com,rZwQegfc,BlackFalcon,Y8NEHnftuO,19
473,Sara,2002-05-12,7140340275,sara.cossiga@yahoo.it,wYIzfo0L,CrystalMoose,1M5D5SVPAG,23
474,Luca,2002-08-11,3839024263,luca.salata@yahoo.it,NxjI7DFa,BlackBear,JNsjtAB6PV,22
475,Elena,2001-03-09,2961068907,elena.mascagni@libero.it,drV6C2ty,BlackFalcon,aNUn1NI2P7,24
476,Alessandro,1996-04-09,7392914977,alessandro.padovano@hotmail.com,xJqaKryV,StormRabbit,6Tx33Zd54C,29
477,Luca,1999-07-26,3052690632,luca.prati@libero.it,o9PzX4Si,BlackFalcon,RVz0aLDL4m,25
478,Matilde,1998-09-13,7264155058,matilde.pertile@libero.it,e8ifzmUN,IcePanther,M32oJa6ZAd,26
479,Alessia,1995-10-12,6863685585,alessia.giannuzzi@yahoo.it,yS5Tn0Va,ShadowTiger,30OrJbvVQ0,29
480,Franco,2001-02-28,0718875576,franco.raimondi@outlook.com,t53vFcxB,RedFox,JX5y1ibq1O,24
481,Massimo,1998-12-13,6227250307,massimo.tremonti@yahoo.it,srbM8a60,FireCoyote,TAQqmQ4PWr,26
482,Angela,2004-07-14,5386898283,angela.zanichelli@outlook.com,2j8xw4KY,FirePanther,ldQycARDHD,20
483,Giada,2006-10-15,9695383754,giada.peano@libero.it,erNqvSHk,GoldenCoyote,UdPcwB9uwp,18
484,Filippo,2006-03-14,7767841040,filippo.interminelli@libero.it,kVJTnBv7,SilverFalcon,aVQPOjwYHS,19
485,Valentina,2007-04-23,1903407005,valentina.mezzetta@hotmail.com,khMDokKL,StormMoose,URf5gM8Nzd,18
486,Matilde,1998-03-18,5045924914,matilde.cainero@libero.it,86PPWOm6,StormMoose,IIK8TbvHgA,27
487,Chiara,2003-05-02,8984416984,chiara.casalodi@gmail.com,NTdKEotu,SunLynx,m1kHQ0gg0p,22
488,Claudia,1998-09-27,5030756678,claudia.collodi@yahoo.it,ekiZdjvo,WhiteEagle,jFkIwljzgJ,26
489,Daniele,2000-02-09,2387635515,daniele.nitti@gmail.com,66DxHLBc,IcePanther,uJgCykjiZv,25
490,Alessia,2006-05-31,4056003301,alessia.farnese@hotmail.com,ab5dVDrL,NightRabbit,XG7e2j8Aie,19
491,Sara,2000-02-08,1699599913,sara.lancisi@hotmail.com,6C3b8k3o,SunPanther,GPA2eiJKzj,25
492,Elena,2004-10-31,2482210936,elena.mercadante@icloud.com,tQbEYquO,ShadowOtter,KjtAdZM1Mj,20
493,Alessia,2000-07-05,8911062758,alessia.nibali@icloud.com,5ZYXdUx6,ShadowBear,tkgwuiC7RJ,25
494,Carlo,2002-01-11,4970993475,carlo.ostinelli@yahoo.it,k6wkO0W5,DuskLynx,Oxl8iPw5xX,23
495,Stefania,2005-08-26,0801914956,stefania.iacobucci@icloud.com,67UziHLY,WhiteEagle,lwWIIVIl6q,19
496,Angela,2007-05-23,8432045021,angela.buonauro@icloud.com,gSm48phQ,SilverFalcon,JBVEwLh3ZE,18
497,Andrea,2003-11-28,7165709504,andrea.magrassi@hotmail.com,SvvW1BLv,SilverTiger,N762y46fH9,21
498,Chiara,1996-12-09,2047266086,chiara.mercadante@outlook.com,drHkjlAG,FirePenguin,waHsCKPEzt,28
499,Serena,2004-03-06,4561575520,serena.tomasetti@gmail.com,PbaAF4Wx,BlueWolf,Gw1W9Xh0B1,21
500,Elena,2002-01-25,5759143153,elena.vecellio@yahoo.it,dghMedsC,BlackFalcon,uAIPBpG5VK,23
501,Gabriele,2003-04-06,9372423169,gabriele.trombetta@hotmail.com,cBj3tBvE,FireCoyote,VRn05Ycqe6,22
502,Veronica,2005-05-05,2521788354,veronica.esposito@icloud.com,ZFigXlgG,StormOtter,mmEJd5nlEa,20
503,Serena,1995-01-29,3322911603,serena.serlupi@icloud.com,CUed9ctf,GreenOtter,DU2RuiPOUU,30
504,Gabriele,2006-04-19,7531235623,gabriele.migliaccio@gmail.com,njgwQaav,GoldenCoyote,NoGAAyBVN6,19
505,Tommaso,2005-06-23,6713892696,tommaso.beffa@yahoo.it,LzKEKqJY,StormRabbit,c7IC93xVKn,20
506,Massimo,2005-06-20,6330023899,massimo.chinnici@gmail.com,4tqdlY3Q,CrystalBear,fEhhS87dOo,20
507,Matteo,2000-09-10,8909991733,matteo.sommaruga@outlook.com,a2KYHJLR,WhiteMoose,It89WvEaa4,24
508,Tommaso,1998-05-14,2516639822,tommaso.capone@icloud.com,7DC4Ffuu,FirePanther,C2L1LDIPec,27
509,Laura,1998-03-22,0597327434,laura.schiavo@gmail.com,NFHr71ww,RedFox,NCjo68on75,27
510,Laura,1999-01-10,1330327867,laura.pacomio@yahoo.it,08MnubHu,GoldenLynx,o1YRD3iMRt,26
511,Massimo,2002-09-24,4377455293,massimo.treccani@yahoo.it,NOFWZLH8,ShadowOtter,noouaUcaJZ,22
512,Luigi,1998-08-26,8244554368,luigi.zanazzo@libero.it,hoN6FFMA,FireCoyote,qxOJPbhiuY,26
513,Chiara,2005-08-06,7378766414,chiara.vitturi@yahoo.it,1FrukvPA,ShadowBear,weMESqY2J4,19
514,Paolo,2005-05-12,5036384601,paolo.leblanc@yahoo.it,u2I42ALh,GreenOtter,rzYVBA6kh6,20
515,Stefania,2006-04-03,4138136270,stefania.bergoglio@hotmail.com,tAUunVcX,BlueBear,QhdcsaktHq,19
516,Luigi,1996-01-12,6273706108,luigi.morricone@icloud.com,XoFjqzoS,DuskLynx,d1k1JGwSIO,29
517,Giovanna,1997-12-25,7984907518,giovanna.pizzetti@outlook.com,Ymrz1DCl,SilverFalcon,fQoHAGnwoH,27
518,Massimo,1995-02-04,4458287467,massimo.gianinazzi@gmail.com,n1w1MxrI,NightFalcon,eLZJiYg5Yb,30
519,Alberto,2005-06-02,3017325000,alberto.carducci@yahoo.it,SSqyaNdH,WhitePanther,dnxRjPOI46,20
520,Stefano,1998-03-03,2900380513,stefano.tutino@outlook.com,WNgwXJpo,FirePanther,1YDGUDwrmY,27
521,Monica,1995-06-18,6247967792,monica.trevisani@yahoo.it,nUdKMLOY,CrystalRabbit,pMRYABgv5Q,30
522,Matilde,2003-09-20,8610479813,matilde.petrucci@libero.it,2rCwSeTA,GreenMoose,fjnkouBMc5,21
523,Carlo,1998-04-12,2671240657,carlo.offredi@gmail.com,K3q7eaUB,SilverTiger,lwR9IIRcZf,27
524,Stefano,1999-11-15,6905337064,stefano.ubaldi@outlook.com,l8xRqh3K,FirePanther,eE1skyGeZn,25
525,Enrico,1996-06-07,0449998067,enrico.carriera@icloud.com,iUvlR4xv,BlackBear,JudySgvAX4,29
526,Giovanna,2003-12-02,8603232083,giovanna.foa@icloud.com,yG0qmMeW,SilverTiger,TvE3nXhsod,21
527,Angela,2000-07-24,1685742099,angela.battelli@libero.it,Ko7dx9tD,RedFox,EdLeUusN8u,24
528,Claudia,2002-02-05,4674921781,claudia.endrizzi@outlook.com,19xE2CVL,StormRabbit,ohVaZgbJOW,23
529,Giulia,1995-11-27,0219958168,giulia.capecchi@yahoo.it,TFWGXzaU,CrystalBear,jNhxjseu2l,29
530,Elena,2006-10-21,3296634424,elena.schiavo@gmail.com,pTB5lbZ7,IcePanther,xiwNEA5OLT,18
531,Stefano,2005-01-26,0008290519,stefano.oscuro@icloud.com,3fqQPhjm,NightRabbit,ddbWNuxiRs,20
532,Martina,1996-08-01,3887503349,martina.papafava@hotmail.com,u0jLvcFP,WhiteEagle,hfnrOgMieN,28
533,Matteo,2004-08-27,7732311172,matteo.morlacchi@outlook.com,1PhPCvlA,RedFox,CsXGQQCn6t,20
534,Carlo,1996-01-18,7407349527,carlo.ziani@libero.it,aHxW1Zcj,RedFox,K7lpWmvowT,29
535,Claudia,2007-05-15,9751973010,claudia.lanfranchi@icloud.com,qzriwVMn,GoldenLynx,CzdPkqokg6,18
536,Alessandro,2002-02-13,5150586868,alessandro.petrucci@hotmail.com,UNh26jWu,GreenOtter,UhxCQohlQC,23
537,Matilde,1998-07-19,2747249928,matilde.milanesi@gmail.com,KRJGZPyd,FirePenguin,kXyIjnkZvA,26
538,Andrea,1996-05-18,6148373144,andrea.dallap√©@icloud.com,yzX1Ay9T,FirePenguin,3jZAnc8kwJ,29
539,Stefano,2002-04-26,4378559107,stefano.gotti@libero.it,niJaz681,RedRabbit,iKaz5CyoQy,23
540,Giovanna,2007-05-29,9323962805,giovanna.comisso@gmail.com,WViOSrS2,NightMoose,2bfx7Kb65S,18
541,Beatrice,2006-03-29,6839506250,beatrice.pasqua@gmail.com,lVTuXEPS,BlackFalcon,jeCEPVoD5S,19
542,Franco,1995-10-29,9625926974,franco.pisacane@icloud.com,1Q2Rv2yy,GreenTiger,uErb57KoNb,29
543,Veronica,1995-10-27,1298588557,veronica.bosurgi@yahoo.it,Q2Ot2nju,BlackFalcon,sbjYQk6BBu,29
544,Angela,2003-09-23,3869205958,angela.fantini@hotmail.com,rgh5qhzL,SunPanther,6DT2Jv7nYR,21
545,Francesca,2002-06-19,4532625077,francesca.bell√≤@libero.it,SjvEhjTH,NightFalcon,S1a7I4j4Zc,23
546,Giada,2005-05-22,1492643100,giada.petrassi@outlook.com,eNyqknDB,GoldenLynx,JZi9Jc9BG2,20
547,Martina,1995-12-13,1378006368,martina.luxardo@gmail.com,VbBKWnbr,BlackBear,JoT7Kv22P9,29
548,Giulia,2000-08-05,6773351493,giulia.agnesi@libero.it,z6F893Vc,NightFalcon,Y7vNi68LtQ,24
549,Stefania,1997-12-05,2522865695,stefania.favata@outlook.com,SJwglwr5,StormRabbit,RaRjtzfQSA,27
550,Matteo,1997-05-09,7497062214,matteo.filogamo@gmail.com,DVMU7ViP,SunLynx,jQm58HcdiY,28
551,Silvia,2003-04-03,1505411651,silvia.zamorani@yahoo.it,KsoCzVDU,RedOtter,IRk5Va77Mx,22
552,Alessandro,2003-02-19,9666573138,alessandro.argento@libero.it,mGtcxerf,GreenTiger,Bew2vGKGi5,22
553,Matilde,1999-11-21,0118935031,matilde.delle@icloud.com,Ef3IkETs,GoldenLynx,bBO4yzQrTg,25
554,Alberto,1999-05-26,2493632257,alberto.caboto@outlook.com,qvp3iCgS,FirePenguin,5XSkDQ1SI7,26
555,Paolo,1999-07-10,6501547413,paolo.galilei@libero.it,epfHF7ZW,SilverLynx,tL1v4wkEDX,26
556,Veronica,2003-12-27,8477953757,veronica.zetticci@icloud.com,BJkdHdP6,WhitePanther,qHHBUUnWTL,21
557,Marco,2003-10-30,6156933533,marco.pacomio@gmail.com,iI0hJ9O1,SilverLynx,xnEZ3xBnuR,21
558,Stefania,1998-01-08,4633255786,stefania.ossani@yahoo.it,pHRO6orp,IcePanther,OPUF2F0j3w,27
559,Monica,2004-12-31,8671302612,monica.luxardo@icloud.com,own6FL3S,BlackFalcon,IaXwQ3tPGF,20
560,Matilde,2003-06-23,8771067107,matilde.trillini@yahoo.it,h6A3rLGM,IcePanther,kRBuNLpJ7Q,22
561,Stefania,2003-10-10,0752624834,stefania.littizzetto@outlook.com,DeAZajyd,NightMoose,4Or3yRdb4v,21
562,Angela,2003-09-09,0265011465,angela.nugnes@yahoo.it,lLNuQs6D,DuskLynx,moXjNgWA2f,21
563,Simona,2001-06-17,8099730813,simona.galiazzo@gmail.com,1ojQkGDh,SilverFalcon,1qzsDIcRRB,24
564,Claudia,1997-11-21,8722419508,claudia.scialpi@icloud.com,as7rK9RH,BlackBear,YprVCCxOjh,27
565,Serena,2001-08-19,1788649882,serena.pastine@outlook.com,6x524O9D,SunPanther,z79LqzCnBf,23
566,Luca,2005-09-09,7656177114,luca.bramante@libero.it,bD6dDzQK,StormMoose,nkF68PUgZv,19
567,Paolo,1999-06-18,8578939119,paolo.goldstein@icloud.com,b97odCEC,CrystalRabbit,4jvQJyUWem,26
568,Tommaso,1996-04-25,5622205118,tommaso.scalfaro@gmail.com,pxRoEJhC,BlackBear,GeQH1iPjmq,29
569,Enrico,2000-01-13,5875291708,enrico.cicala@hotmail.com,QCviB6hz,GreenOtter,RTW9IenCtP,25
570,Claudia,1998-05-13,0238389406,claudia.offredi@hotmail.com,wCIHoHrH,RedFox,cK0K67YI3V,27
571,Giovanna,2004-01-18,5445085444,giovanna.cilea@hotmail.com,0KGQtqEi,FirePanther,nsDTTDZ4EY,21
572,Franco,1996-07-12,8104570806,franco.luxardo@hotmail.com,BhwA4CCp,StormMoose,iinK6EFUhZ,28
573,Elena,2003-09-16,3358484803,elena.paoletti@libero.it,k90hCLTf,StormOtter,gRWipsaBu6,21
574,Marco,1998-08-04,9770469147,marco.orsini@icloud.com,Tq39yqKX,BlueWolf,u7AJ8tyDX1,26
575,Alessia,1998-06-22,0792595146,alessia.brunello@yahoo.it,tzaXK95f,DuskLynx,eehKwGaJr3,27
576,Giovanna,1997-12-09,0743561669,giovanna.callegari@outlook.com,QcjYx8rZ,IceBear,hVRCLwDVvc,27
577,Francesca,2001-06-13,3243738421,francesca.infantino@outlook.com,esQLcpvt,GoldenCoyote,EmSil5yKpf,24
578,Elisa,2004-06-26,9207492217,elisa.marazzi@gmail.com,VY3z2yuh,IcePanther,pVHvp6RX1s,21
579,Francesca,2001-12-25,1392048835,francesca.sollima@gmail.com,00iQDtHR,RedRabbit,fArkXYLr6m,23
580,Monica,2006-12-07,1393840904,monica.casadei@outlook.com,RAaMc2Dl,NightMoose,xBcGEKMjdf,18
581,Chiara,2006-02-04,8593838446,chiara.dibiasi@libero.it,wqf7LdMz,IceFalcon,Qkxejz60GZ,19
582,Massimo,1998-07-19,7473174243,massimo.giusti@yahoo.it,hADFhAN9,CrystalRabbit,Z0d777fkKM,26
583,Elisa,2000-09-05,1125871374,elisa.panicucci@gmail.com,bYZF2ui6,DuskLynx,CVvTKYRRAV,24
584,Chiara,1998-09-14,6419000811,chiara.vanvitelli@libero.it,NkMPrIeX,CrystalRabbit,mXY7WvFgIn,26
585,Serena,2006-08-02,2588417415,serena.mazzeo@yahoo.it,ITxZwSrZ,StormOtter,CMn7i6OsI3,18
586,Luigi,2003-08-14,4883796956,luigi.baroffio@libero.it,LVjD5Ypi,StormRabbit,uBRXrzWnvf,21
587,Martina,2003-07-20,1454002429,martina.paruta@gmail.com,bUa4Ta9r,RedFox,VUVHCgfbp0,21
588,Veronica,1998-11-27,8869705189,veronica.basso@libero.it,QwjCxvbM,NightMoose,xmqjF4DShJ,26
589,Giada,2003-06-26,9418312858,giada.gibilisco@libero.it,9kExm3RC,CrystalBear,G8E7vxGgBu,22
590,Carlo,1997-08-20,7808272943,carlo.modiano@gmail.com,UvISFOwk,IceBear,ysYgYuEZsp,27
591,Giovanna,1999-12-18,3305063066,giovanna.ceravolo@outlook.com,H5w8xQD1,NightMoose,NpWVJ5ZxND,25
592,Alessandro,2006-03-11,3587349031,alessandro.pace@icloud.com,E9Wjj573,BlackBear,bTUkcQNwlP,19
593,Chiara,2001-01-09,5204205007,chiara.mercadante@icloud.com,KSir2qQW,BlueRabbit,bfeTvIAbo9,24
594,Francesca,2006-03-07,9524198479,francesca.pedroni@libero.it,CHx4nKcj,BlueRabbit,FI1pFIuoJq,19
595,Claudia,1995-02-11,7069708396,claudia.letta@gmail.com,jUIG4Uur,WhiteMoose,eS3tooMYQU,30
596,Andrea,1998-05-08,9095406559,andrea.porzio@icloud.com,jRzdJFB4,WhiteMoose,m2ruXUNmDa,27
597,Daniele,1997-04-07,4542174510,daniele.coppola@icloud.com,nIwU8tYJ,NightMoose,Opi0C2uoTL,28
598,Gabriele,2004-07-26,2875972321,gabriele.vezzali@libero.it,bOZXmaEs,WhiteEagle,YUzLMJr6j7,20
599,Franco,2000-05-02,4074993675,franco.schiavone@hotmail.com,A6aLbMM4,NightMoose,sLC6m2wytK,25
600,Matteo,1996-03-19,9085586481,matteo.corbo@outlook.com,4eLS4yRq,NightMoose,MsUQpSIghb,29
601,Giulia,2001-09-26,1417803807,giulia.monti@icloud.com,ig9yEpOM,GoldenCoyote,8dNjSSp9D7,23
602,Luca,2002-03-15,0942317010,luca.balbo@outlook.com,vAdh5yNF,RedRabbit,6Os0n8epn3,23
603,Sara,1997-09-08,9522367085,sara.comeriato@hotmail.com,bXona6xP,CrystalMoose,htjcPKgjtv,27
604,Matteo,1997-09-06,7439782070,matteo.lovato@yahoo.it,8yxsRGRS,GoldenCoyote,fP67Vyba2p,27
605,Alessandro,1999-05-25,4575099944,alessandro.durante@hotmail.com,TL9SFeUq,DuskLynx,FNSV2Zjl9V,26
606,Luigi,1996-11-25,4079205263,luigi.galeati@icloud.com,PEx6rYPc,StormRabbit,d6qEI25EnR,28
607,Marco,2007-06-12,8046163988,marco.panatta@yahoo.it,1dULZf8A,ShadowBear,BlRh1sNtLh,18
608,Sara,2005-05-31,6468179224,sara.nicoletti@hotmail.com,h3IZFLkn,SilverLynx,KmqPn38jxz,20
609,Gianni,2006-05-15,6358241798,gianni.pizzo@gmail.com,62gs6J6o,IceFalcon,VvkakAUUsY,19
610,Alberto,1999-01-30,9941746073,alberto.nievo@icloud.com,b0nbDJlH,SunCoyote,EP1EVPlF61,26
611,Luigi,2005-02-01,5390760880,luigi.barracco@outlook.com,XUiHZzwO,IcePanther,ArXZx13OjT,20
612,Sara,2001-05-12,0780415913,sara.montesano@outlook.com,RdevffxG,WhiteMoose,sAbzDRsL74,24
613,Stefania,2006-05-24,0894966922,stefania.polizzi@hotmail.com,Tm1lHu1l,IcePanther,yTd8dSCK0E,19
614,Francesca,2001-09-23,7750772944,francesca.brunello@outlook.com,dPPuFEF5,StormRabbit,xX63TcWePv,23
615,Roberto,1998-11-15,7481860876,roberto.siffredi@outlook.com,uvZjLuHX,SilverFalcon,2ndnqE8F7n,26
616,Alberto,1996-07-25,8453408010,alberto.roncalli@icloud.com,EPF6ROEe,StormMoose,5m4zQ01UUG,28
617,Chiara,2006-03-05,0340566344,chiara.sokolov@yahoo.it,zvdEuHxv,GoldenLynx,iU4gXxXIoS,19
618,Gianni,1996-05-10,0582140106,gianni.morlacchi@yahoo.it,gIdEZcBz,GreenMoose,U8ZrSByUWj,29
619,Serena,2007-04-24,2540598199,serena.caracciolo@gmail.com,NRMTrGNS,WhiteMoose,uJUHuody54,18
620,Marco,2007-03-27,8553243747,marco.troisi@yahoo.it,98pwvVSw,SunPanther,wgHhoyXwqK,18
621,Angela,1997-11-21,5597003212,angela.ruggieri@hotmail.com,LN6CvK57,CrystalRabbit,gxww3rRoSk,27
622,Elena,1996-04-02,6880678070,elena.stefanelli@yahoo.it,JwDYrOat,CrystalBear,TRtMX9mMqI,29
623,Tommaso,2002-10-22,7087759941,tommaso.cavalcanti@yahoo.it,Bi3FDUwL,SilverFalcon,gP0AdK1hXt,22
624,Martina,1994-12-06,5996111568,martina.visintini@libero.it,vRfE9QyF,StormMoose,jmOO4Yifon,30
625,Massimo,2006-04-06,4183340112,massimo.stein@gmail.com,fxJ2XMhU,NightRabbit,h7muHH3wpJ,19
626,Luca,2005-10-08,8955593606,luca.baglioni@libero.it,Z8cuG0W3,BlueWolf,9BjqYH4vKr,19
627,Paolo,1999-10-31,4962532323,paolo.pisaroni@icloud.com,fkxAojSK,SilverFalcon,K52Eoq2wHS,25
628,Marco,2001-06-26,8698445654,marco.vanvitelli@gmail.com,A446zPX1,BlueRabbit,xl22P2XUhi,24
629,Alessia,1994-10-07,8331260167,alessia.zeffirelli@hotmail.com,fNgNaiQ6,CrystalMoose,4VPNNBQO8Z,30
630,Filippo,2006-06-14,2399848736,filippo.filangieri@gmail.com,rAKT93Uk,NightMoose,1cDjRtadeb,19
631,Franco,2005-01-02,4935058827,franco.lombroso@yahoo.it,FinqGxQB,StormRabbit,ZxbkjZwyU2,20
632,Martina,1997-09-10,4786783722,martina.sermonti@hotmail.com,e7nvEKT0,ShadowTiger,6mSTX7Jsi1,27
633,Franco,2007-05-10,4933791234,franco.bonatti@gmail.com,gmfTgQWV,IceFalcon,qel5UNhnnj,18
634,Stefania,2004-08-03,0548627716,stefania.pertile@libero.it,IaRo0zxD,FirePenguin,NhnvbBb8tK,20
635,Elena,2006-02-18,1326097522,elena.gramsci@hotmail.com,Lu8ROk8l,CrystalBear,QlGZNbiFdk,19
636,Roberto,1996-10-26,8032560773,roberto.gottardi@outlook.com,vd88Bpnq,StormOtter,A49npb7dyz,28
637,Andrea,1995-07-18,9635700531,andrea.samele@outlook.com,cXrnBBEx,GoldenLynx,EjUiEMScHm,29
638,Elena,2005-04-20,7292585537,elena.peano@outlook.com,Khv3uJAs,ShadowTiger,bx7ueRLpIA,20
639,Matilde,1999-06-11,6354858655,matilde.amaldi@yahoo.it,5bMINBaT,NightFalcon,gveEeJtj3K,26
640,Francesca,2003-05-13,1849910082,francesca.gregorio@hotmail.com,DWASgvrA,CrystalMoose,NLOiM0PC6h,22
641,Monica,1999-04-28,7659994555,monica.segr√®@yahoo.it,v7dHT6Oy,GreenOtter,S3x8vBC5Bb,26
642,Massimo,1997-05-29,9517906875,massimo.petralli@libero.it,zYbPJu7a,GreenTiger,4vluOiqR8U,28
643,Massimo,1996-03-08,6866717117,massimo.montesano@yahoo.it,3ftwZHzO,FireCoyote,n8VhrEClXm,29
644,Roberto,1996-01-09,6269333362,roberto.tosi@icloud.com,JtWUb3Ny,RedOtter,8MqePKKYOQ,29
645,Serena,1996-10-11,6167555022,serena.malenchini@hotmail.com,nHPkfYwj,GoldenCoyote,Dc8K7CEKGs,28
646,Filippo,1995-09-19,5903957893,filippo.luciani@outlook.com,ivDS8bn1,GoldenLynx,rLOcHsrE99,29
647,Carlo,2000-04-01,7246725842,carlo.sermonti@hotmail.com,k7SPi06w,WhitePanther,3klPi28lhI,25
648,Filippo,1999-09-11,4444820194,filippo.toselli@hotmail.com,sXpCg8rP,FireCoyote,mgNOOcZ94h,25
649,Angela,2004-04-24,8075527645,angela.taccola@outlook.com,VBqX6Tzk,RedRabbit,vW9pIPb1dT,21
650,Massimo,1995-08-04,1654957713,massimo.gilardoni@outlook.com,JfcNVfYm,SunPanther,u8jmuABm0P,29
651,Martina,1997-07-05,8619427098,martina.falloppio@gmail.com,MNwc5p5I,RedRabbit,X9d3bJ6tHB,28
652,Marco,2001-04-10,9652623255,marco.nibali@outlook.com,p9NterYy,NightMoose,CMKHApCB7N,24
653,Gabriele,2007-03-01,5993519539,gabriele.vecoli@yahoo.it,Ruknkahi,GreenTiger,JbYQQiCnr9,18
654,Veronica,2004-02-26,7693702902,veronica.piccio@libero.it,12TOUS2Q,BlueRabbit,RJd8wsoBnz,21
655,Roberto,1994-12-31,4467746604,roberto.bottigliero@yahoo.it,zECaMvpv,IcePanther,qN4fXsJjBs,30
656,Beatrice,2005-01-25,9194210783,beatrice.filangieri@hotmail.com,nF4BGuoA,SilverFalcon,Lfk33wa3Xq,20
657,Tommaso,2003-07-21,4837990830,tommaso.carocci@outlook.com,zkIGSuZI,IceFalcon,YJzQR29WAt,21
658,Francesca,2007-04-21,5249138018,francesca.biagi@gmail.com,cAbafWmw,WhiteEagle,X5a2kEXJRB,18
659,Franco,2005-01-23,7633766248,franco.udinese@outlook.com,hBwMIMGe,SunCoyote,HHHnFFNWdz,20
660,Marco,1995-01-19,2791463568,marco.gozzi@yahoo.it,Mrq6LoVR,RedRabbit,qZdjcBllzm,30
661,Claudia,2005-09-25,2146885400,claudia.paruta@icloud.com,oJ2Cfp4B,BlackFalcon,CaTF0m8E6c,19
662,Elena,2004-10-12,7847947295,elena.ughi@yahoo.it,BwGLRoWx,GreenTiger,uL0WTG35ln,20
663,Veronica,2003-01-06,1225897486,veronica.farina@yahoo.it,dQjoHkSb,IceBear,TX6xmoCA25,22
664,Tommaso,1999-09-09,5353735752,tommaso.guicciardini@yahoo.it,i0wX5CxO,ShadowBear,7Qwq3pTLQn,25
665,Silvia,2004-10-16,3338910619,silvia.monaco@hotmail.com,PihOZ9jt,ShadowTiger,sdFHNo3Rrz,20
666,Simona,2005-02-07,3990905460,simona.tonisto@hotmail.com,n4YABaBH,BlueWolf,ifWi04EhLe,20
667,Serena,2002-06-18,3092509180,serena.bataglia@gmail.com,KAGEbBWf,FirePanther,gCt1H63XTe,23
668,Andrea,1994-09-15,8154144884,andrea.argurio@icloud.com,cVPSSezc,DuskLynx,A8wFeqIPh5,30
669,Veronica,1997-09-08,0262041811,veronica.carli@hotmail.com,FrSBtXFh,IceFalcon,sousfeQhiU,27
670,Angela,1999-05-24,7776669304,angela.luxardo@gmail.com,Vcn8S2w4,DuskLynx,rfT7T4zMo6,26
671,Beatrice,2003-05-23,4147724784,beatrice.iannotti@gmail.com,7C3xhGbW,GreenMoose,79m056qO0l,22
672,Giulia,2007-01-08,4398372129,giulia.abbagnale@gmail.com,impwCgjA,BlackBear,5ipsiNAkAM,18
673,Giada,1999-10-17,0824704767,giada.alighieri@hotmail.com,uz7q9hOa,CrystalBear,EGocrW0s67,25
674,Beatrice,1998-09-18,6416108054,beatrice.albertini@yahoo.it,yiJcOPJX,RedFox,pOMFyQigsX,26
675,Stefano,1996-12-21,8224315086,stefano.piazzi@hotmail.com,eDzCvqWM,GreenTiger,Ja9NgXSi5P,28
676,Giovanna,1999-11-02,2880131435,giovanna.tanzini@yahoo.it,3HEyLS1Y,BlueWolf,UHw1cwyRwX,25
677,Matteo,2004-12-03,9808640469,matteo.maglio@outlook.com,KZDbwC5U,GoldenCoyote,wP4Banqpb2,20
678,Gabriele,1997-02-27,7697402525,gabriele.frescobaldi@outlook.com,hPHU6dUn,WhiteMoose,TP2n6uY6y3,28
679,Stefania,2000-09-04,5437299264,stefania.pepe@hotmail.com,CwW4XKat,ShadowTiger,sUA4D52ltM,24
680,Andrea,2003-06-10,6427645411,andrea.gianinazzi@hotmail.com,psRg2r4f,BlackBear,ctWDZi9uEG,22
681,Giada,1995-06-14,6316113307,giada.manzoni@hotmail.com,P7odi3tj,WhiteMoose,1X0BaR7Q6z,30
682,Valentina,1999-11-03,7388799668,valentina.fracci@icloud.com,1eXCcPn9,GoldenLynx,fUWOc8LYwh,25
683,Silvia,1999-02-19,0398789907,silvia.fantoni@hotmail.com,B9kuue9r,GreenOtter,B2xjp9nKoS,26
684,Chiara,2001-11-26,1470116647,chiara.antonioni@icloud.com,b9L4Czuf,SilverTiger,jPWTjOquN1,23
685,Giada,2002-06-22,0678296079,giada.magnani@yahoo.it,cCmlRVbZ,CrystalMoose,xMIbVicl0e,23
686,Stefania,2001-10-26,8090640528,stefania.angiolello@icloud.com,bts358V8,ShadowOtter,Li4KDkRJKu,23
687,Tommaso,2002-11-01,3573096825,tommaso.roero@hotmail.com,7Xj23tih,IceFalcon,vAk5ssVcAP,22
688,Alessandro,1995-01-19,2642327539,alessandro.battelli@libero.it,oHHkyS68,StormRabbit,GkHFfQ9x1m,30
689,Elisa,1995-06-11,8668609099,elisa.muti@outlook.com,zekvqelD,StormOtter,XCwV2UgJjT,30
690,Beatrice,2004-06-25,4638238846,beatrice.villadicani@yahoo.it,3TfWPesF,GreenMoose,Ats5eC27EE,21
691,Luigi,1998-06-06,2987142046,luigi.sibilia@hotmail.com,8LUOfUoq,GoldenCoyote,4EgTLcrlzI,27
692,Franco,1999-10-23,9956852423,franco.togliatti@hotmail.com,XytbsYsV,CrystalMoose,PbbTQJIOAF,25
693,Tommaso,1996-12-09,6102324239,tommaso.surian@gmail.com,SPgE3dqa,ShadowBear,6BzSZuyAoz,28
694,Daniele,1998-05-07,4094959623,daniele.sabatini@yahoo.it,F6f74BF4,BlueWolf,DqwVTGdCYk,27
695,Alberto,2000-11-15,7251773789,alberto.pagliaro@libero.it,E2eWMNNq,SunCoyote,JhlEVlHqmq,24
696,Alberto,2003-08-21,4035100511,alberto.pepe@outlook.com,HX6UUEVx,GoldenCoyote,Fbs4KyrEcL,21
697,Matteo,2000-08-12,7488625536,matteo.morucci@yahoo.it,rcIr37Jv,FireCoyote,VRKlaOGFKK,24
698,Matilde,2004-04-19,4958266809,matilde.andreozzi@outlook.com,yUzxd8oq,GreenMoose,RrKoML5Kxg,21
699,Alessia,2003-04-16,0157362251,alessia.lancisi@yahoo.it,5qLtGpCG,SilverFalcon,AoecIWoykA,22
700,Valentina,1995-01-18,7444636602,valentina.vendetti@hotmail.com,875V8PtP,SunLynx,eTjzubFapa,30
701,Gabriele,2007-02-11,9538874485,gabriele.montanari@yahoo.it,OzCbGFTZ,NightFalcon,LeNTB1D4wU,18
702,Daniele,2005-02-11,6661826220,daniele.michelangeli@yahoo.it,a1C8f14d,IceFalcon,AR5wlS8P0E,20
703,Elena,1996-06-14,7556947872,elena.caffarelli@libero.it,yIdo1y1X,ShadowBear,TO8IN9Ab8C,29
704,Alessia,2006-10-23,4652997721,alessia.traversa@hotmail.com,DYamt9iD,BlackFalcon,DK8pfA0pz6,18
705,Angela,1999-02-03,0843516066,angela.salvini@gmail.com,vsz4xVuS,BlueBear,82bQiVyohl,26
706,Alberto,2001-05-19,2705669350,alberto.turci@hotmail.com,JIaKHeO5,FirePanther,h4ZZsB6jSx,24
707,Tommaso,2001-07-19,0644872859,tommaso.rosmini@libero.it,X0D25YlJ,BlackBear,61WOpO2NXm,23
708,Valentina,2006-11-25,4912689601,valentina.bocelli@hotmail.com,lXCLpItQ,SunPanther,aL26Aho6SA,18
709,Silvia,2004-12-15,0710928536,silvia.ioppi@icloud.com,uDh7ZrhH,CrystalRabbit,XIO6Y5c1ll,20
710,Andrea,2001-04-24,0365963452,andrea.cugia@yahoo.it,7Twr6Cn7,ShadowTiger,5YUbi2kJtU,24
711,Giovanna,1999-02-03,0735405504,giovanna.modiano@gmail.com,veHwMg56,GoldenCoyote,Flp4X9CXTX,26
712,Beatrice,2000-07-24,4398927254,beatrice.onio@icloud.com,El4nL2Jn,ShadowOtter,FasaiYVLAr,24
713,Enrico,1999-11-25,9036674779,enrico.pastine@icloud.com,EASnKuBo,GoldenLynx,QNARijLoBB,25
714,Alberto,1998-09-08,1969769516,alberto.guarneri@libero.it,lsLjiOBT,GoldenCoyote,BVzSoevpky,26
715,Beatrice,1996-09-16,5484454231,beatrice.giacometti@libero.it,RdTds9yi,SunCoyote,mYuKaLo3OD,28
716,Marco,2005-08-15,4327090973,marco.righi@yahoo.it,B17c1XHr,StormMoose,T791ZACf9s,19
717,Stefania,2005-02-25,0421013568,stefania.mazzocchi@libero.it,pNHKTQjM,GoldenLynx,s7Bx0Tkekg,20
718,Silvia,2000-12-20,5319241428,silvia.cerquiglini@icloud.com,UP0zH2IT,NightRabbit,RTjLJCoZtu,24
719,Paolo,1998-02-21,1402946081,paolo.cremonesi@yahoo.it,dcvY7Gcy,IceBear,XqsD0GN9ag,27
720,Gabriele,1997-06-18,3804094281,gabriele.bodoni@libero.it,ggYK58Jb,GoldenLynx,iCf4RAiT3q,28
721,Tommaso,2000-11-18,0663903158,tommaso.faggiani@libero.it,sfkxTBwT,IceBear,Gtk9iC4Zsu,24
722,Beatrice,2000-09-08,5474366191,beatrice.pedroni@yahoo.it,Yt86wEtO,GreenOtter,o1boTNlgPu,24
723,Matilde,2006-11-17,6890364664,matilde.dossetti@gmail.com,McIBEda5,StormOtter,N5Onb02MrP,18
724,Angela,2001-10-10,2688697065,angela.corbo@outlook.com,kmiHvdPN,NightRabbit,UMgbsHHOrw,23
725,Monica,1999-03-27,8469312430,monica.sauli@icloud.com,SqhUOk7x,WhiteMoose,GSMXVHOdpj,26
726,Stefania,2006-07-16,5557355794,stefania.fanucci@yahoo.it,fa4HD38y,ShadowTiger,93z5XGmsJn,18
727,Paolo,2000-08-06,2557648383,paolo.tozzi@yahoo.it,TfBm4akf,DuskLynx,1sZqw7xh8Y,24
728,Serena,2001-11-30,5542876457,serena.gullotta@icloud.com,NNcwAWzW,ShadowTiger,947yzxAB5I,23
729,Matteo,2001-04-06,7846027419,matteo.morrocco@gmail.com,IZh78ECy,SilverFalcon,hEt3GDgzkH,24
730,Sara,2002-05-07,7149931984,sara.manolesso@yahoo.it,YDtm3Xdn,IcePanther,ppNg0exbnT,23
731,Stefano,2005-07-22,5253406455,stefano.taccola@yahoo.it,6rIHjL8w,SunPanther,Z53v6511SH,19
732,Simona,2000-05-05,3028537026,simona.pietrangeli@icloud.com,fMeLv4tS,ShadowBear,ZWm8Q2mRaK,25
733,Laura,1995-05-29,3349629358,laura.brambilla@outlook.com,mNXAWtLH,GoldenCoyote,ULmcCr8guM,30
734,Massimo,1996-01-08,6233640231,massimo.cilea@libero.it,d7P6a2y7,GoldenLynx,xR4BQc8qXD,29
735,Valentina,1998-04-28,8620396738,valentina.longhena@hotmail.com,o3RoRve2,GreenTiger,mUTDyDciKW,27
736,Stefania,1999-01-02,9814072891,stefania.schicchi@gmail.com,nweiI6Iy,ShadowBear,8XQ5UHW5wU,26
737,Daniele,1999-03-06,8071156153,daniele.benigni@outlook.com,4NoVJCeZ,FirePenguin,u1dK7ssvQv,26
738,Giada,2004-12-07,5701727215,giada.turchetta@yahoo.it,tEUNzSFG,CrystalRabbit,uTo8hZZPj1,20
739,Filippo,2001-08-22,5297332157,filippo.mastandrea@outlook.com,qAytMZG5,WhiteEagle,j9d9mFzb92,23
740,Giada,1999-07-29,9047923337,giada.esposito@outlook.com,CAbNPu94,SilverLynx,oSaUSXNPRS,25
741,Carlo,2006-09-18,8652198803,carlo.mogherini@outlook.com,iNukVU8D,IceBear,zslV2sdbTJ,18
742,Veronica,2004-05-18,2009010271,veronica.busoni@libero.it,yoD0F0gl,CrystalBear,WhHPZ3BRfH,21
743,Stefania,2003-04-24,1134685399,stefania.travia@libero.it,C4USlC7b,BlueBear,cAlLy43Tk8,22
744,Angela,2000-09-22,5564756472,angela.pizzamano@icloud.com,5c14B2wS,FireCoyote,PKoueAEd5i,24
745,Alessia,2003-07-09,0400512715,alessia.chinnici@gmail.com,HEBrkqgf,DuskLynx,WZnFueSAhk,22
746,Martina,2007-03-26,2418523642,martina.scarpetta@gmail.com,pon1olC6,ShadowBear,ceHxSaZhwR,18
747,Tommaso,2004-10-05,4697934182,tommaso.guarana@outlook.com,JGEgWzYd,SilverFalcon,7hhevcqjsU,20
748,Laura,2004-06-28,0245753013,laura.zaccagnini@gmail.com,hJWvG3tk,StormRabbit,3X9tlIiK4m,21
749,Filippo,2002-08-21,3072145883,filippo.bottigliero@yahoo.it,1i0R3Nwn,NightRabbit,2cdpWVgZCL,22
750,Massimo,1997-02-09,8446013019,massimo.lovato@icloud.com,Xt5CHQf3,NightFalcon,w3vw8Vz70B,28
751,Alberto,1995-09-07,8167399577,alberto.cimini@yahoo.it,hcHxNL8U,StormRabbit,HEs7DfQVub,29
752,Serena,2001-04-03,7769640362,serena.vespa@hotmail.com,WWHsMFdO,SunLynx,wMG07klzhd,24
753,Gianni,2007-05-06,6056706267,gianni.udinesi@yahoo.it,C5OIZm4v,WhiteMoose,mwV8YnSQFO,18
754,Alessia,2002-01-26,5603544482,alessia.ferrara@hotmail.com,4f2vYGrN,WhiteMoose,wW18xwzir8,23
755,Luca,1998-08-10,3756286786,luca.modugno@gmail.com,yuPbkx75,RedFox,PZkGy8s5VF,26
756,Massimo,1998-10-30,8938954978,massimo.pagliaro@libero.it,unaOyOk8,BlackFalcon,PTX8RFWgwm,26
757,Giada,1999-07-01,8427746578,giada.foletti@hotmail.com,RNiGB7vC,WhitePanther,29TeihOkPB,26
758,Simona,1998-09-08,1928092249,simona.spadafora@yahoo.it,H5bRSmcF,FirePanther,YgI48HRBwX,26
759,Gianni,1995-12-17,7461649999,gianni.ammaniti@libero.it,byel7b38,WhiteMoose,iK0z4x4ioH,29
760,Elena,2006-02-05,5409793130,elena.conti@gmail.com,bQe0e2Cl,ShadowBear,2p00nW1Bcf,19
761,Matteo,2007-05-10,8915610707,matteo.morucci@libero.it,9pfCpZ7W,IcePanther,6yik5VCIro,18
762,Simona,2003-10-02,8233339573,simona.gualandi@hotmail.com,CMalzKTX,SilverLynx,PNHPcE8li1,21
763,Matteo,1999-03-06,6622048439,matteo.battelli@gmail.com,MMQJI0UD,StormRabbit,HHu6nrvZpH,26
764,Alberto,2004-08-25,9791597971,alberto.tosto@hotmail.com,1Sobb9J0,ShadowOtter,m7ChGJFHAp,20
765,Massimo,2002-11-16,7957020737,massimo.columbo@icloud.com,iPFggx9S,SunCoyote,nSk2jrHbOC,22
766,Beatrice,2002-02-17,8730906808,beatrice.dossi@hotmail.com,3sQwazWb,SunCoyote,nqJdrpDYpl,23
767,Simona,1996-03-20,5337033762,simona.pignatti@hotmail.com,0YnueLSS,NightRabbit,Es44sWS67B,29
768,Matilde,1999-05-09,7342954512,matilde.carnera@libero.it,HzPqWzmi,NightMoose,AspxR8VQTY,26
769,Stefania,1996-04-23,6932296702,stefania.vanvitelli@hotmail.com,EUc7jdCa,BlueWolf,nTujA9Zhq0,29
770,Gianni,2004-04-12,7205940081,gianni.battelli@icloud.com,Nn2HhyNn,BlueWolf,E7F0Laxcut,21
771,Franco,2004-02-08,5684103389,franco.condoleo@icloud.com,daaX4N5L,IcePanther,djbLooDm3m,21
772,Stefania,1999-01-29,0761813164,stefania.palumbo@yahoo.it,nOlBfiO5,StormRabbit,s4DUDcaLPC,26
773,Giada,2005-09-09,6061079485,giada.iannuzzi@yahoo.it,aTyVMP7m,StormRabbit,FZbntcqJAE,19
774,Alberto,2001-11-17,8126561432,alberto.cortese@outlook.com,j860C8Lb,ShadowBear,yA8vF1Z2zq,23
775,Matteo,1997-01-06,4955337236,matteo.bajamonti@hotmail.com,Xi1HluHm,FireCoyote,bpIWH7fp6w,28
776,Alberto,2001-06-17,7658924484,alberto.lamborghini@libero.it,yUlhviVS,BlueWolf,7lR4ldAzwr,24
777,Simona,2004-06-27,1860315566,simona.rosiello@yahoo.it,JSVubLkR,BlackBear,3rHl863xdi,21
778,Luigi,2000-12-10,0684336230,luigi.aldobrandi@gmail.com,yUmllNlP,WhiteMoose,UixxAnVvS6,24
779,Chiara,1996-06-23,9145505640,chiara.stradivari@gmail.com,GED8IJvS,IceFalcon,c14WajpNa4,29
780,Stefania,2006-08-16,8160563023,stefania.schiaparelli@icloud.com,p2xOCTEr,SilverLynx,BNvSdc9vIK,18
781,Elena,2005-11-04,0910209926,elena.pellegrini@yahoo.it,zq9qFk84,BlackFalcon,3EQfN7R6mo,19
782,Giada,2002-12-21,8714868002,giada.calbo@outlook.com,N95kzNgz,ShadowBear,Yc5WdWQsEN,22
783,Alessia,1997-01-27,0993516640,alessia.micheletti@outlook.com,gXhZMm0N,SunLynx,CI7LpyF5jm,28
784,Beatrice,1999-09-22,0459418906,beatrice.broschi@gmail.com,ktW5xsPD,FireCoyote,oa4xhjs4fJ,25
785,Alberto,1999-06-27,3401334828,alberto.zito@gmail.com,LVI5JVmS,NightRabbit,EoVLZZkh5k,26
786,Franco,2000-08-18,0838123146,franco.accardo@gmail.com,aPWu6K4e,StormOtter,MSsTvHoXNG,24
787,Giovanna,2004-10-05,7122176043,giovanna.fabrizi@gmail.com,aC5XIPbX,IceBear,rbnhoEv2vt,20
788,Massimo,1999-09-27,6437039858,massimo.brenna@libero.it,TH2AduGH,GreenTiger,WEnF3Ev4fJ,25
789,Filippo,1999-11-23,7322257143,filippo.colletti@hotmail.com,6zFGlsxJ,BlueWolf,g4lZdQlzHI,25
790,Laura,2006-01-17,5074066393,laura.cimini@libero.it,8ojNcQnv,ShadowTiger,MIlsd7T0Pv,19
791,Martina,2005-09-23,3882285039,martina.ligorio@hotmail.com,9C6O6Hf6,WhitePanther,eeYSP7DdpG,19
792,Valentina,1998-02-03,7352762383,valentina.schiavone@libero.it,b7pEqJxH,SilverLynx,UQSFvpSs0g,27
793,Veronica,1997-06-09,0682405785,veronica.ligorio@icloud.com,R0dvIRhU,SilverLynx,6pvCSDssMc,28
794,Filippo,1995-03-31,7095229790,filippo.castioni@outlook.com,4PQaPXFY,BlueWolf,WGem0VzsRD,30
795,Chiara,1998-12-11,7025387922,chiara.stradivari@icloud.com,YVIRXLzY,ShadowOtter,N1ZPboEcvu,26
796,Francesca,1995-03-15,4757335756,francesca.cicilia@hotmail.com,D1XKNv5z,WhiteEagle,Ew3MUOSaVJ,30
797,Giada,2003-06-20,6647273420,giada.simeoni@outlook.com,t9hJ6XXS,SilverTiger,5Etx791Q6h,22
798,Giada,2003-10-03,5020654835,giada.lerner@hotmail.com,wsJKDGyg,FirePenguin,YxE565FcLC,21
799,Giada,2005-12-06,7690111412,giada.rizzo@icloud.com,yq7Ry8nG,CrystalMoose,WwDZmQ0hgg,19
800,Sara,1998-01-23,3642870088,sara.castioni@hotmail.com,TIMB0kv0,IcePanther,jUfWqE8epN,27
801,Alessia,2001-11-17,4569410034,alessia.iannotti@hotmail.com,WXo6cqnu,WhiteEagle,B4zM1RHoVX,23
802,Angela,1995-01-23,5400763785,angela.fantozzi@libero.it,H7iv5HAa,SilverLynx,N3Dsc5z5cu,30
803,Sara,1997-01-07,1604112255,sara.cainero@icloud.com,QVfiiT4G,ShadowBear,UUGnUaxT0N,28
804,Elisa,1995-10-27,8080286569,elisa.manacorda@outlook.com,NN5X4zsF,GreenMoose,Fni56SXrBQ,29
805,Marco,1994-07-16,8994469702,marco.giusti@outlook.com,2EjeGRna,IceBear,fL8p5iKZvx,30
806,Francesca,2000-08-29,7254862380,francesca.bellucci@hotmail.com,hZA5IKAo,SilverLynx,Mx8a5bdMkG,24
807,Roberto,1998-06-10,8324367715,roberto.nitto@libero.it,nBTfFfaG,WhitePanther,8KUT3JYvqq,27
808,Luigi,1998-11-11,7005946149,luigi.lupo@yahoo.it,qBO9tkMA,FirePenguin,rlhtgBvoDD,26
809,Silvia,1997-10-10,5859622566,silvia.petrucci@icloud.com,iIeKsBQv,RedFox,2dpX7TOkmj,27
810,Sara,1997-12-14,3258108720,sara.guarana@hotmail.com,jWEvl4G8,SilverLynx,P7WwIo1vpr,27
811,Gabriele,2003-04-13,9786703325,gabriele.borghese@outlook.com,PQzVEkzN,StormOtter,Lqm0nf4xYK,22
812,Enrico,1997-03-18,5543915476,enrico.pratesi@outlook.com,xazGTqPp,BlackBear,w0ELGY7gtO,28
813,Stefano,2001-02-04,9697197166,stefano.tartini@yahoo.it,s3ip3VDL,SunCoyote,I9N1NQYWN7,24
814,Tommaso,2002-12-16,2171122997,tommaso.tanzini@hotmail.com,ZTJSrMZK,RedRabbit,nPVVWHLJ1z,22
815,Serena,2006-04-20,2445581786,serena.scaramucci@hotmail.com,QZqOW8PU,NightRabbit,hwIxDR728T,19
816,Marco,1998-05-07,2396511111,marco.cabibbo@gmail.com,XzfXYo4W,DuskLynx,XUHP6B0g3x,27
817,Beatrice,2004-03-17,8855547543,beatrice.mercati@outlook.com,7a142yM6,RedFox,jzBGrFAw33,21
818,Silvia,2002-01-09,9257152001,silvia.trillini@hotmail.com,Zl5qqOGA,SunCoyote,zOhL3ItZXN,23
819,Daniele,2003-05-05,1002239927,daniele.acerbi@outlook.com,UWFI6df5,FirePenguin,bJ3tcXeLqf,22
820,Simona,2003-07-24,1826483469,simona.traetta@outlook.com,MkrlO8N2,DuskLynx,Vdcf0xJtu1,21
821,Alberto,2003-01-28,6587571651,alberto.errigo@yahoo.it,ig08Mtpl,BlueBear,YR2facjeHk,22
822,Serena,1995-02-24,1164996790,serena.raurica@gmail.com,0fTyCmWI,BlueWolf,NwnhEjr0P0,30
823,Serena,1996-06-20,5231780785,serena.simeoni@libero.it,lTNZd1xM,SunLynx,rIz5D5mQHq,29
824,Elena,1998-10-06,6701586161,elena.marrone@libero.it,eqDfS9kb,SunLynx,QNnpB8cs05,26
825,Chiara,1994-08-20,8533289142,chiara.nievo@outlook.com,aNvbc82I,CrystalBear,P8hSZEYhFn,30
826,Simona,1995-10-14,0939213663,simona.sermonti@icloud.com,TVQx0dFm,GoldenCoyote,uOcHkl2uAn,29
827,Marco,1996-09-21,4856683145,marco.lamborghini@hotmail.com,TUfMpUze,NightRabbit,vJdFNUpK4r,28
828,Filippo,2002-12-15,1234303774,filippo.mancini@outlook.com,8VSmPznd,FirePanther,lWYccq4inl,22
829,Martina,1998-09-04,3330507156,martina.cociarelli@gmail.com,mICWWxCg,GoldenCoyote,xFq0nfyhFA,26
830,Alessandro,1997-10-10,0285905161,alessandro.oliboni@libero.it,Tj3LoWVa,BlueBear,86QnWL6p0J,27
831,Franco,2004-10-12,1848726744,franco.pigafetta@outlook.com,SD7aKCYW,ShadowTiger,Yqo1kQvCGp,20
832,Stefania,2001-04-03,9978094097,stefania.filzi@yahoo.it,mp4fRgEY,SunCoyote,r0xnsECTY6,24
833,Matteo,2005-12-28,7530484779,matteo.salvemini@outlook.com,JLTxMZat,FirePenguin,Svdsh4SkTB,19
834,Monica,2007-03-16,0865399906,monica.gravina@hotmail.com,fqj96C8h,BlueRabbit,D4cQrvEWjS,18
835,Valentina,1996-06-29,0523654987,valentina.argurio@outlook.com,8dxRaCxr,BlueBear,3r03bmspoW,29
836,Monica,1996-01-07,9421358017,monica.martucci@hotmail.com,iWdfQkoY,NightRabbit,UYf7vp5Gxg,29
837,Valentina,2001-08-30,2136039482,valentina.ariosto@hotmail.com,SEY29nhj,ShadowTiger,FdEvHEOK80,23
838,Alessia,2003-04-02,0728275665,alessia.impastato@outlook.com,yFWuzveP,BlackFalcon,of5OFrVO9j,22
839,Alessia,2006-10-26,1256453453,alessia.filangieri@outlook.com,oM6bX8CL,DuskLynx,S58PlNQaWj,18
840,Giulia,2007-07-04,4944452120,giulia.salvini@icloud.com,S7nA5Any,BlackBear,zWw4PpN6H2,18
841,Luca,2007-05-25,0089681490,luca.rizzoli@outlook.com,fcXQfGWh,GoldenLynx,PI9bxfknd0,18
842,Giulia,2004-08-05,8997032481,giulia.maccanelli@icloud.com,AJzashj6,NightMoose,iqTRGJ1nQd,20
843,Elisa,1998-08-04,4874490906,elisa.catenazzi@outlook.com,oFtprw8n,CrystalMoose,eSb3nu9QxK,26
844,Serena,2003-07-15,2468775685,serena.trevisani@hotmail.com,B332rX2Q,ShadowBear,zHaNonSXZR,21
845,Giovanna,2001-03-16,7654261059,giovanna.alonzi@gmail.com,JjBdK0TI,GreenOtter,81dhTheOTq,24
846,Angela,1995-05-02,5620399508,angela.spinola@hotmail.com,puEPUYr3,BlueWolf,6mpq9Ne7pX,30
847,Paolo,2002-11-07,2443021378,paolo.telesio@yahoo.it,EL6m29Np,NightFalcon,GuSxMIsVsD,22
848,Valentina,2000-10-19,4978513498,valentina.palmisano@icloud.com,N8hoOlVi,StormRabbit,VYGQv40amq,24
849,Gabriele,2006-04-27,2430543042,gabriele.taliercio@gmail.com,G1GHvNxN,DuskLynx,RUhgdQZ2PY,19
850,Simona,2004-02-05,1319744881,simona.terragni@yahoo.it,OHgLby4j,ShadowBear,PS0bJXMw7q,21
851,Serena,1997-12-09,4135972330,serena.canevascini@yahoo.it,vLFQYfO1,StormRabbit,WivxjKhHqV,27
852,Giovanna,2003-02-19,0103926535,giovanna.conte@libero.it,ijXhC1aU,IceBear,VwUsHpk3vQ,22
853,Franco,1995-11-05,5712962473,franco.cuzzocrea@libero.it,fLel5fIZ,FirePenguin,4qvA6UaAR5,29
854,Veronica,2005-07-16,3673188004,veronica.condoleo@yahoo.it,TDlhbz5t,CrystalBear,FA9y2Z0U7Z,19
855,Sara,2000-06-28,6874730860,sara.camiscione@libero.it,MKIZIf5Y,WhitePanther,dzjVfUsqnb,25
856,Luca,2007-06-15,7860127282,luca.olivetti@gmail.com,edOarcCq,SilverTiger,7xeIiIbYZP,18
857,Massimo,2003-12-27,4917151500,massimo.mazzi@hotmail.com,Dmvfts8y,BlueRabbit,2hbtD62oHR,21
858,Sara,1996-07-27,8233623988,sara.camuccini@icloud.com,B9F8yMWI,SilverLynx,RJKzs0Wwg2,28
859,Matilde,2001-01-26,5846970823,matilde.luxardo@libero.it,3YyAZJ5O,BlackBear,t4jzDs7ZCc,24
860,Alessia,2004-08-12,8691863482,alessia.venturi@icloud.com,6qLSVaVm,FirePenguin,yzxA50F6Rj,20
861,Carlo,1996-04-17,0460676905,carlo.tasca@hotmail.com,hCVbkpYf,ShadowTiger,3kKfJWdhQA,29
862,Claudia,2003-01-07,2542010844,claudia.galuppi@yahoo.it,RhZja4ya,FireCoyote,TviUPoMLbU,22
863,Alessandro,2002-04-13,3193662028,alessandro.moretti@icloud.com,8zOXWFds,SunPanther,9vv3oB716m,23
864,Enrico,2003-09-19,1167551027,enrico.ariosto@hotmail.com,OfHW04Ds,GreenTiger,c5a1lq5LWZ,21
865,Gianni,2000-08-08,7311759952,gianni.finzi@outlook.com,CvMfPnDi,DuskLynx,R3QvabJ6tu,24
866,Carlo,2006-07-25,5897391382,carlo.silvestri@hotmail.com,VBnSI4Iq,SunLynx,BSrChTY0x7,18
867,Carlo,2006-07-05,9910173853,carlo.bassi@outlook.com,bgcjrLYb,BlackBear,973XtMZgBW,19
868,Carlo,1997-12-27,3332127110,carlo.filippelli@hotmail.com,qJfPR0kZ,BlueBear,H5UnZFL9pn,27
869,Daniele,1994-08-06,3444774270,daniele.migliaccio@gmail.com,VH3Ruxji,BlueBear,zszaTyF9iD,30
870,Gianni,2007-02-23,6790107892,gianni.bernardini@gmail.com,f00IvFwz,IcePanther,2BaPHzYXYB,18
871,Simona,1994-12-31,7232996443,simona.balla@gmail.com,YDK3RRij,IceBear,HDx107KmPe,30
872,Andrea,1998-05-11,7922786638,andrea.baglioni@gmail.com,a70xxjB2,RedFox,cmr4NNiY9m,27
873,Valentina,2002-06-12,0313899577,valentina.legnante@hotmail.com,eCQUg1CR,IcePanther,kryRryxxMZ,23
874,Simona,2006-04-06,3982991072,simona.letta@hotmail.com,KQPQzsp7,SunCoyote,gRC5CSnQh6,19
875,Gabriele,2001-02-15,6255574217,gabriele.terragni@icloud.com,3KhONYl7,CrystalRabbit,JA7ggFMXsm,24
876,Martina,1994-09-21,2416816711,martina.emanuelli@yahoo.it,niwHTACK,CrystalBear,Ry0YWVeKKW,30
877,Giovanna,1999-09-26,1961446423,giovanna.balla@outlook.com,viMMb0MM,FireCoyote,kZJBaRqvqd,25
878,Enrico,1995-07-05,6675595034,enrico.donini@gmail.com,z1Lu83TM,CrystalRabbit,do2GzQzS7R,30
879,Andrea,2001-08-27,7312461224,andrea.jacuzzi@yahoo.it,DhkuDAcN,SunLynx,TeNvgngdxF,23
880,Roberto,2004-09-08,1920586765,roberto.giacometti@yahoo.it,A16onQjA,RedFox,5e4zIR4pHH,20
881,Tommaso,2004-08-08,8608362050,tommaso.doglioni@outlook.com,2sGFAkMt,WhiteEagle,3IayzHblVW,20
882,Angela,2002-11-08,0644274541,angela.greco@yahoo.it,MYinLpRP,FirePenguin,RVW8w9aGHt,22
883,Gianni,1995-12-02,9805935945,gianni.marino@yahoo.it,Yc9k3obF,FirePenguin,2aKK7GMzA1,29
884,Elena,2002-04-13,7455219972,elena.mantegna@gmail.com,Tjp7oYk6,WhitePanther,JnT0JPTdH0,23
885,Laura,2004-04-06,8221750492,laura.goldstein@libero.it,XirpJpv1,CrystalRabbit,CA1hk3Bmxc,21
886,Paolo,2003-03-28,2171030107,paolo.gabba@yahoo.it,FYLK3ueA,ShadowBear,JVd23k0ovc,22
887,Massimo,1996-09-07,5068367315,massimo.beccaria@yahoo.it,gcXJ8PyA,SilverFalcon,DoFKwuyQWQ,28
888,Sara,1998-02-24,4871026985,sara.morellato@hotmail.com,rJm7MEAB,StormOtter,TmprNnvB3I,27
889,Martina,2005-12-27,5209543968,martina.bertolucci@icloud.com,kXo6ojmd,BlueBear,osqa7JIDXF,19
890,Massimo,1995-01-26,4485800163,massimo.faranda@icloud.com,Lri0THKG,NightRabbit,h7oUZ4gWZO,30
891,Monica,2002-04-20,6562683306,monica.petralli@outlook.com,RXsvlbqV,NightMoose,NLPyPF5YSh,23
892,Carlo,1998-07-15,2214796364,carlo.almagi√†@gmail.com,grSdj01i,WhiteEagle,3AA6poUtW7,26
893,Giada,2003-02-05,4912974688,giada.salata@outlook.com,fEvJs23G,StormMoose,W8flEi3YXQ,22
894,Beatrice,2000-07-09,7685031586,beatrice.sandi@icloud.com,4m3us6J5,WhiteEagle,YK0gppFzUW,25
895,Paolo,2004-05-26,9746112518,paolo.corradi@yahoo.it,J3IvsggR,GoldenLynx,wKdhj3qLeq,21
896,Angela,2000-02-06,9621038592,angela.andreotti@outlook.com,GsQ31ZcL,StormRabbit,KCxPMkyDGc,25
897,Martina,1997-01-14,6727524369,martina.canova@hotmail.com,2wekKP2s,CrystalMoose,9a2pb1aYa0,28
898,Martina,2001-05-15,6229943540,martina.cantimori@icloud.com,AzHtpbZe,IceBear,pRjT5vvbHU,24
899,Veronica,2003-04-23,4597846161,veronica.coppola@libero.it,58V1zOzz,IceFalcon,cNQelmzRdF,22
900,Stefano,2005-04-18,6649022936,stefano.opizzi@hotmail.com,FBrJNy2B,WhiteEagle,6pRWCUEw59,20
901,Simona,2005-06-10,7816898960,simona.garrone@yahoo.it,IEw0Wx1P,SunCoyote,HhXJsoIYBX,20
902,Daniele,1996-09-24,1794779460,daniele.pellegrini@libero.it,J277AOXR,BlueBear,S3DDbFWtc4,28
903,Marco,2004-12-23,8864767946,marco.roncalli@libero.it,Yi5Ya06x,BlueBear,UQGzAgV701,20
904,Serena,1998-01-28,4707366274,serena.zamorani@hotmail.com,Qwj1q82R,CrystalRabbit,1HnyZqYpIY,27
905,Filippo,1994-11-08,6938625314,filippo.mazzocchi@icloud.com,VTQr0pZ9,SilverTiger,0uywhhoqXH,30
906,Enrico,2006-04-12,2209778676,enrico.bodoni@icloud.com,tidmEl1u,SilverLynx,WQJBmxcmQo,19
907,Francesca,1995-04-06,1975575704,francesca.tomei@libero.it,qMaGCY5F,FirePanther,1tWMHF2wRI,30
908,Gabriele,1996-11-03,1960576097,gabriele.manzoni@outlook.com,2k8DJRD8,SunCoyote,btMd9dFuGD,28
909,Giada,2000-08-06,9246523784,giada.ravaglioli@libero.it,RcsefKY4,GreenOtter,J1nYVPsZSA,24
910,Gianni,2003-10-26,0949536735,gianni.brambilla@yahoo.it,hG7KtT6w,DuskLynx,RtGHYV1TKV,21
911,Giovanna,1995-01-12,8563406951,giovanna.micheletti@libero.it,8qjRnVXL,IceFalcon,5gNZMNJdbh,30
912,Paolo,2002-07-09,7519470038,paolo.colletti@icloud.com,hKoYShGO,IcePanther,dkndIKbXdC,23
913,Martina,1996-01-20,0155048460,martina.sauro@libero.it,RKDdeiAa,DuskLynx,90xFZ3HFh4,29
914,Silvia,1997-12-25,8895671407,silvia.agostinelli@outlook.com,uaULf6aI,SilverLynx,UCGjcQLJrg,27
915,Beatrice,1995-01-12,1227086420,beatrice.fo@outlook.com,qOGj6ZJF,FireCoyote,F9QidCaiJC,30
916,Enrico,2006-09-09,5599469561,enrico.migliaccio@outlook.com,uqVPT3C9,BlueWolf,YZcw0IQh6E,18
917,Marco,1994-07-18,1239831638,marco.briccialdi@gmail.com,d6VwmAXZ,CrystalMoose,Ks7SSYC9tR,30
918,Simona,2006-07-10,6046922337,simona.maglio@libero.it,0qa7HvPu,NightRabbit,2nbfXOvNBf,19
919,Martina,2000-11-23,8456653377,martina.gadda@libero.it,mjX9hDX6,WhiteEagle,jQxI4RyVmI,24
920,Beatrice,2004-11-23,8482817963,beatrice.giovine@hotmail.com,Ld7A7mug,RedFox,LC9RlXDmeP,20
921,Alberto,1998-02-11,2504675937,alberto.cuzzocrea@gmail.com,7JrTHm6t,RedOtter,Wx5sZErS13,27
922,Daniele,2001-09-29,7309267468,daniele.jilani@hotmail.com,tW8vgjxm,NightMoose,rLnC1Zh4LA,23
923,Andrea,2002-01-08,6478888717,andrea.paolini@libero.it,zs8WQ9Gg,GreenMoose,IiPUcfx7bH,23
924,Luca,2005-02-03,0275267220,luca.tosi@hotmail.com,DSDe21Y7,SilverTiger,mAzROpKBTh,20
925,Stefano,2003-07-12,0484477648,stefano.modiano@outlook.com,h3u1OKr2,IcePanther,CB4N1z4GX4,21
926,Luca,2000-04-30,6213278029,luca.canova@hotmail.com,tNr43G4x,BlueRabbit,bWYcSKUfKC,25
927,Alessia,2004-07-12,8652319757,alessia.endrizzi@icloud.com,HRMYs8Gf,SunCoyote,DMcfvUAK7l,20
928,Andrea,1996-09-29,8315898814,andrea.pellegrini@yahoo.it,jjpVA5Ki,SilverFalcon,tsjFJgh25z,28
929,Luigi,2006-09-11,6287803443,luigi.farinelli@yahoo.it,dk0eFfoq,SilverFalcon,cVghDiwPpG,18
930,Francesca,2001-02-08,3016707445,francesca.marangoni@outlook.com,oBDq4Kpo,RedOtter,ckQkmDghXU,24
931,Gianni,1999-10-27,5560877502,gianni.aloisio@yahoo.it,8ngmozwn,CrystalRabbit,zYbDsbGyky,25
932,Sara,1997-03-25,6579906555,sara.marazzi@outlook.com,scgBY0KE,BlackFalcon,SjlsxQmweq,28
933,Claudia,2003-03-07,1965209237,claudia.tamborini@outlook.com,nYBV9Xkc,NightMoose,YXeICaK8eF,22
934,Veronica,2004-03-11,7208513732,veronica.mercadante@hotmail.com,IpBwOaVM,NightMoose,HztCBryaCO,21
935,Angela,1996-04-30,2522809557,angela.ferrata@outlook.com,evjhJLf6,GoldenCoyote,nJ3CBHeCnr,29
936,Angela,2001-10-13,3980293492,angela.innocenti@libero.it,jnlTReBf,SilverFalcon,p2UoIJER37,23
937,Luca,2007-02-06,1706406079,luca.stefanelli@yahoo.it,QxcEJxTI,WhiteEagle,Eb8ab6tvdb,18
938,Alessandro,2001-01-18,7064970819,alessandro.conti@outlook.com,HvN1iy14,SunLynx,zDWoTGgNto,24
939,Alessia,1994-11-22,3792968657,alessia.virgilio@hotmail.com,ZR3raQmn,CrystalMoose,yKOsbW9NhL,30
940,Stefania,2000-09-11,4768522725,stefania.pininfarina@libero.it,uClzFT08,SilverLynx,naIjSavXgX,24
941,Franco,2004-02-02,9045807125,franco.puglisi@gmail.com,5rN6BP7m,StormOtter,LaKDYIMZWM,21
942,Enrico,1996-07-12,4585080591,enrico.scaramucci@gmail.com,807Ee5cJ,NightFalcon,ga9glMm8Ka,28
943,Beatrice,1996-08-18,1370779962,beatrice.columbo@gmail.com,LADVCTX7,NightFalcon,tsTCbfjA6e,28
944,Veronica,1996-05-30,4715028548,veronica.bettin@libero.it,HnwnGx27,ShadowOtter,vUhw72qM1Z,29
945,Martina,1995-05-23,3902893574,martina.vidoni@libero.it,oRRwvsTQ,BlueRabbit,bN6F6DA4Ld,30
946,Stefania,2001-12-12,9858762525,stefania.moschino@yahoo.it,nplpMcPz,DuskLynx,2OFwWiqaR7,23
947,Paolo,2000-12-31,8925638825,paolo.sauli@outlook.com,kALS98wJ,CrystalMoose,iD50DrrP3X,24
948,Filippo,2003-11-29,4338375943,filippo.mancini@libero.it,weU0s6GG,BlackFalcon,vSazASfrVf,21
949,Valentina,2000-02-26,5950539501,valentina.cimarosa@hotmail.com,e3MgHGgV,GoldenCoyote,cKl4Acq9dK,25
950,Chiara,2006-10-24,6687731678,chiara.gargallo@hotmail.com,HqnUIMJr,NightMoose,Shok7XqgD8,18
951,Giulia,1998-05-30,6448182019,giulia.longhena@icloud.com,64SsXaPo,StormMoose,9zobb96dUJ,27
952,Sara,1997-02-16,0764777883,sara.nitto@icloud.com,gOirueUA,ShadowOtter,bluqQpFLVx,28
953,Giulia,2002-05-13,0485289859,giulia.vittadello@icloud.com,JtRNLfqy,BlueBear,bFG4CQuJ3o,23
954,Elena,1995-02-23,2453021587,elena.gaito@yahoo.it,Ve2pckGB,SunLynx,GKT2HwGfUC,30
955,Alberto,2000-01-04,6359715265,alberto.callegaro@icloud.com,L5aftOXC,BlueRabbit,5mR8yv1qF2,25
956,Franco,1996-09-10,9588937955,franco.garozzo@gmail.com,QLffw5gX,NightRabbit,oapalerX70,28
957,Chiara,2001-03-30,2748298871,chiara.ceschi@libero.it,HFVhgTD1,CrystalBear,7VlYA3Dn39,24
958,Alessia,1994-08-31,2068226636,alessia.avogadro@yahoo.it,YVPbpBOT,StormOtter,TIYdxGHezD,30
959,Alessia,1998-02-16,6474958335,alessia.zichichi@hotmail.com,djtbrqxv,FireCoyote,LAucV3b9aO,27
960,Alessandro,1998-10-18,5637922479,alessandro.malenchini@outlook.com,kLOpEz3z,DuskLynx,y5il90vTte,26
961,Sara,2004-06-07,2203952070,sara.munari@gmail.com,AcofgTXe,RedOtter,bcN3ETUXIX,21
962,Francesca,2007-05-22,0817563364,francesca.battisti@hotmail.com,4Y7tZ8uR,BlueWolf,SCP1i9ynGc,18
963,Giovanna,1998-05-04,4560559772,giovanna.pertile@hotmail.com,m1LIpI77,ShadowBear,1jpbybNKjt,27
964,Silvia,2001-05-17,0759339476,silvia.borzom√¨@icloud.com,7HcNwz7I,IceBear,KftfbW6PP6,24
965,Massimo,2003-08-26,9309529440,massimo.piccinni@libero.it,9wzvCH73,NightMoose,y7Vzx4hJeT,21
966,Elena,2001-01-18,7343615575,elena.ossani@gmail.com,3Z3PAzoA,RedRabbit,T49Nync3GX,24
967,Massimo,2007-01-01,4360593058,massimo.taliani@gmail.com,cWvlGjwu,RedRabbit,3b16AKVcpv,18
968,Enrico,1998-12-10,5415038488,enrico.druso@outlook.com,kPCmXKG5,IceFalcon,AoEBgua3UL,26
969,Alessandro,2005-11-20,2257287536,alessandro.pulci@outlook.com,KVIoqsh9,SilverTiger,NPGBI5qxW8,19
970,Valentina,2005-04-19,6370986805,valentina.barbarigo@outlook.com,QDQboHQI,ShadowBear,8yVksXNFSx,20
971,Giovanna,1995-07-22,4436633665,giovanna.magrassi@gmail.com,SWNVGng6,RedRabbit,yQci1ea5m9,29
972,Chiara,2004-08-08,5228499639,chiara.pisaroni@gmail.com,aCSISaJ3,StormRabbit,IWYOJqY31M,20
973,Alberto,2005-01-13,7809309195,alberto.bova@libero.it,p8ZlsEw6,GreenOtter,m0Ixfc87cP,20
974,Sara,1994-12-22,3764938519,sara.endrizzi@icloud.com,1DE05mDG,NightMoose,cabsQpxanJ,30
975,Filippo,1999-12-12,9056186712,filippo.terragni@icloud.com,OsX8JX6b,DuskLynx,gfdSW0OfiB,25
976,Laura,2000-04-11,9973788445,laura.franscini@yahoo.it,7sOz91xV,SilverLynx,yr1CLfrXz5,25
977,Chiara,1999-10-20,9618652421,chiara.guglielmi@outlook.com,owUdQ3ko,NightRabbit,Qco0Sjd7Qg,25
978,Martina,2000-11-17,6171987188,martina.praga@libero.it,d1e1zxC9,BlueWolf,m1FypSxHxS,24
979,Stefano,1997-02-12,2611226595,stefano.procacci@icloud.com,8M3tHAtT,RedRabbit,JevEbAtuoX,28
980,Serena,1998-07-25,5725101036,serena.serlupi@gmail.com,kLqZ4jFo,ShadowTiger,c8Zy3irJMj,26
981,Andrea,2000-06-12,4495774059,andrea.vendetti@icloud.com,L8zSDdxy,ShadowTiger,3kqk0VP71P,25
982,Elisa,2004-10-05,1824982518,elisa.sbarbaro@gmail.com,GdWyPq9O,ShadowTiger,7OPgr6ulS8,20
983,Alessia,1996-04-30,5895989260,alessia.grimani@libero.it,KYYxEVpt,StormMoose,nBlpjLzYQe,29
984,Franco,2007-04-10,4920105353,franco.fieramosca@libero.it,mWf1L7Tj,NightMoose,viPx79FzQq,18
985,Matilde,2004-03-28,2175263960,matilde.odescalchi@gmail.com,pUjtYzYT,GoldenLynx,sTMMWMPS1G,21
986,Roberto,2003-04-03,6433463885,roberto.antelami@hotmail.com,QomBcSB8,SilverTiger,eMb3vyCfZK,22
987,Roberto,2004-03-24,7234032168,roberto.lancisi@icloud.com,lez523tk,SunPanther,9k74CECfam,21
988,Martina,1997-05-23,3165599572,martina.soderini@gmail.com,rqicsA2j,ShadowBear,2wGaiF8ZXB,28
989,Gianni,2001-07-29,0400093829,gianni.moresi@icloud.com,uUE7XHxN,BlueRabbit,Xll4dRwgFz,23
990,Massimo,2002-01-12,3067534443,massimo.muratori@yahoo.it,kAKUDUvH,BlueRabbit,160QFIYzgU,23
991,Daniele,1994-07-23,9500803672,daniele.zanichelli@libero.it,7MKqSEg6,DuskLynx,Oe6VzV1mh8,30
992,Marco,2001-04-17,3031809714,marco.vittadello@libero.it,4RKtYnUG,GreenMoose,5vgNAlvNfK,24
993,Alessia,2003-08-11,0336477911,alessia.petralli@gmail.com,mkug60LI,DuskLynx,GCBzX7UJZ9,21
994,Laura,2000-10-21,8537852720,laura.gucci@yahoo.it,Xi1rcbjG,NightMoose,J0e1laRdQl,24
995,Enrico,1998-06-26,7408775661,enrico.molesini@libero.it,4XJgrRQ5,BlueRabbit,R6rCCLdM0k,27
996,Laura,1995-03-12,1130820515,laura.castiglione@outlook.com,f1yYha3S,SilverTiger,bLioDVtpUQ,30
997,Chiara,1995-06-04,3308912710,chiara.raimondi@yahoo.it,HoBKViHh,StormOtter,W2vakgosZj,30
998,Franco,1995-09-14,0965133196,franco.borromeo@outlook.com,FsU02gIn,FireCoyote,CrhdHXrPkJ,29
999,Roberto,1998-12-14,0810188366,roberto.nordio@outlook.com,Stl25Sty,WhiteMoose,0UVsrWLNal,26
1000,Daniele,2005-02-12,3264594412,daniele.simeoni@hotmail.com,ashp9zxF,FirePanther,BM17fdIiWO,20
